ts,price_yes,price_no,3sec_norm_OFI,3sec_yes_vol,3sec_no_vol,3sec_total_vol,3sec_note,5sec_norm_OFI,5sec_yes_vol,5sec_no_vol,5sec_total_vol,5sec_note,30sec_norm_OFI,30sec_yes_vol,30sec_no_vol,30sec_total_vol,30sec_note,1sec_yes_vol,1sec_no_vol,1sec_total_vol,60sec_yes_vol,60sec_no_vol,60sec_total_vol
1769049900,35,64,0,0,0,0,no_volume,0,0,0,0,no_volume,0,0,0,0,no_volume,0,0,0,0,0,0
1769049901,35,64,0,0,0,0,no_volume,0,0,0,0,no_volume,0,0,0,0,no_volume,0,0,0,0,0,0
1769049902,35,64,0,101,0,101,low_activity,0,101,0,101,low_activity,0,101,0,101,low_activity,101,0,101,101,0,101
1769049903,35,64,0,101,0,101,low_activity,0,101,0,101,low_activity,0,101,0,101,low_activity,0,0,0,101,0,101
1769049904,35,64,0,101,0,101,low_activity,0,101,0,101,low_activity,0,101,0,101,low_activity,0,0,0,101,0,101
1769049905,35,64,0,0,0,0,no_volume,0,101,0,101,low_activity,0,101,0,101,low_activity,0,0,0,101,0,101
1769049906,35,64,0,0,0,0,no_volume,0,101,0,101,low_activity,0,101,0,101,low_activity,0,0,0,101,0,101
1769049907,35,64,0,0,0,0,no_volume,0,0,0,0,no_volume,0,101,0,101,low_activity,0,0,0,101,0,101
1769049908,35,64,0,0,0,0,no_volume,0,0,0,0,no_volume,0,101,0,101,low_activity,0,0,0,101,0,101
1769049909,35,64,0,100,0,100,low_activity,0,100,0,100,low_activity,0,201,0,201,low_activity,100,0,100,201,0,201
1769049910,35,64,0,100,0,100,low_activity,0,100,0,100,low_activity,0,201,0,201,low_activity,0,0,0,201,0,201
1769049911,35,64,0,100,0,100,low_activity,0,100,0,100,low_activity,0,201,0,201,low_activity,0,0,0,201,0,201
1769049912,35,64,0,0,0,0,no_volume,0,100,0,100,low_activity,0,201,0,201,low_activity,0,0,0,201,0,201
1769049913,35,64,0,0,0,0,no_volume,0,100,0,100,low_activity,0,201,0,201,low_activity,0,0,0,201,0,201
1769049914,35,64,0,0,0,0,no_volume,0,0,0,0,no_volume,0,201,0,201,low_activity,0,0,0,201,0,201
1769049915,35,64,0,0,0,0,no_volume,0,0,0,0,no_volume,0,201,0,201,low_activity,0,0,0,201,0,201
1769049916,35,64,0,0,0,0,no_volume,0,0,0,0,no_volume,0,201,0,201,low_activity,0,0,0,201,0,201
1769049917,35,64,0,0,0,0,no_volume,0,0,0,0,no_volume,0,201,0,201,low_activity,0,0,0,201,0,201
1769049918,35,64,0,0,0,0,no_volume,0,0,0,0,no_volume,0,201,0,201,low_activity,0,0,0,201,0,201
1769049919,35,64,0,0,0,0,no_volume,0,0,0,0,no_volume,0,201,0,201,low_activity,0,0,0,201,0,201
1769049920,35,64,0,0,0,0,no_volume,0,0,0,0,no_volume,0,201,0,201,low_activity,0,0,0,201,0,201
1769049921,35,64,0,0,0,0,no_volume,0,0,0,0,no_volume,0,201,0,201,low_activity,0,0,0,201,0,201
1769049922,35,64,0,0,0,0,no_volume,0,0,0,0,no_volume,0,201,0,201,low_activity,0,0,0,201,0,201
1769049923,35,64,0,0,0,0,no_volume,0,0,0,0,no_volume,0,201,0,201,low_activity,0,0,0,201,0,201
1769049924,35,64,0,0,0,0,no_volume,0,0,0,0,no_volume,0,201,0,201,low_activity,0,0,0,201,0,201
1769049925,35,64,0,0,0,0,no_volume,0,0,0,0,no_volume,0,201,0,201,low_activity,0,0,0,201,0,201
1769049926,35,64,0,0,0,0,no_volume,0,0,0,0,no_volume,0,201,0,201,low_activity,0,0,0,201,0,201
1769049927,35,64,0,0,0,0,no_volume,0,0,0,0,no_volume,0,201,0,201,low_activity,0,0,0,201,0,201
1769049928,35,64,0,0,0,0,no_volume,0,0,0,0,no_volume,0,201,0,201,low_activity,0,0,0,201,0,201
1769049929,35,64,0,0,0,0,no_volume,0,0,0,0,no_volume,0,201,0,201,low_activity,0,0,0,201,0,201
1769049930,35,64,0,0,0,0,no_volume,0,0,0,0,no_volume,0,201,0,201,low_activity,0,0,0,201,0,201
1769049931,35,64,0,0,0,0,no_volume,0,0,0,0,no_volume,0,201,0,201,low_activity,0,0,0,201,0,201
1769049932,35,64,0,0,0,0,no_volume,0,0,0,0,no_volume,0,100,0,100,low_activity,0,0,0,201,0,201
1769049933,35,64,0,0,0,0,no_volume,0,0,0,0,no_volume,0,100,0,100,low_activity,0,0,0,201,0,201
1769049934,35,64,0,0,0,0,no_volume,0,0,0,0,no_volume,0,100,0,100,low_activity,0,0,0,201,0,201
1769049935,35,64,0,0,0,0,no_volume,0,0,0,0,no_volume,0,100,0,100,low_activity,0,0,0,201,0,201
1769049936,35,64,0,0,0,0,no_volume,0,0,0,0,no_volume,0,100,0,100,low_activity,0,0,0,201,0,201
1769049937,35,64,0,0,0,0,no_volume,0,0,0,0,no_volume,0,100,0,100,low_activity,0,0,0,201,0,201
1769049938,35,64,0,0,0,0,no_volume,0,0,0,0,no_volume,0,100,0,100,low_activity,0,0,0,201,0,201
1769049939,35,64,0,0,0,0,no_volume,0,0,0,0,no_volume,0,0,0,0,no_volume,0,0,0,201,0,201
1769049940,35,64,0,0,0,0,no_volume,0,0,0,0,no_volume,0,0,0,0,no_volume,0,0,0,201,0,201
1769049941,35,64,0,0,0,0,no_volume,0,0,0,0,no_volume,0,0,0,0,no_volume,0,0,0,201,0,201
1769049942,35,64,0,0,0,0,no_volume,0,0,0,0,no_volume,0,0,0,0,no_volume,0,0,0,201,0,201
1769049943,35,64,0,0,0,0,no_volume,0,0,0,0,no_volume,0,0,0,0,no_volume,0,0,0,201,0,201
1769049944,35,64,0,0,0,0,no_volume,0,0,0,0,no_volume,0,0,0,0,no_volume,0,0,0,201,0,201
1769049945,35,64,0,0,0,0,no_volume,0,0,0,0,no_volume,0,0,0,0,no_volume,0,0,0,201,0,201
1769049946,35,64,0,0,0,0,no_volume,0,0,0,0,no_volume,0,0,0,0,no_volume,0,0,0,201,0,201
1769049947,35,64,0,0,0,0,no_volume,0,0,0,0,no_volume,0,0,0,0,no_volume,0,0,0,201,0,201
1769049948,35,64,0,0,0,0,no_volume,0,0,0,0,no_volume,0,0,0,0,no_volume,0,0,0,201,0,201
1769049949,35,64,0,797,0,797,low_activity,0,797,0,797,low_activity,0,797,0,797,low_activity,797,0,797,998,0,998
1769049950,35,64,0,797,0,797,low_activity,0,797,0,797,low_activity,0,797,0,797,low_activity,0,0,0,998,0,998
1769049951,35,64,0,823,0,823,low_activity,0,823,0,823,low_activity,0,823,0,823,low_activity,0,0,0,1024,0,1024
1769049952,35,64,0,26,0,26,low_activity,0,823,0,823,low_activity,0,823,0,823,low_activity,0,0,0,1024,0,1024
1769049953,35,64,0,0,0,0,no_volume,0,823,0,823,low_activity,0,823,0,823,low_activity,0,0,0,1024,0,1024
1769049954,35,64,0,0,0,0,no_volume,0,26,0,26,low_activity,0,823,0,823,low_activity,0,0,0,1024,0,1024
1769049955,35,64,0,0,0,0,no_volume,0,0,0,0,no_volume,0,823,0,823,low_activity,0,0,0,1024,0,1024
1769049956,35,64,0,0,0,0,no_volume,0,0,0,0,no_volume,0,823,0,823,low_activity,0,0,0,1024,0,1024
1769049957,35,64,0,0,0,0,no_volume,0,0,0,0,no_volume,0,823,0,823,low_activity,0,0,0,1024,0,1024
1769049958,35,64,0,0,0,0,no_volume,0,0,0,0,no_volume,0,823,0,823,low_activity,0,0,0,1024,0,1024
1769049959,35,64,0,0,0,0,no_volume,0,0,0,0,no_volume,0,823,0,823,low_activity,0,0,0,1024,0,1024
1769049960,35,64,0,0,0,0,no_volume,0,0,0,0,no_volume,0,823,0,823,low_activity,0,0,0,1024,0,1024
1769049961,35,64,0,0,0,0,no_volume,0,0,0,0,no_volume,0,823,0,823,low_activity,0,0,0,1024,0,1024
1769049962,35,64,0,0,0,0,no_volume,0,0,0,0,no_volume,0,823,0,823,low_activity,0,0,0,923,0,923
1769049963,35,64,0,0,0,0,no_volume,0,0,0,0,no_volume,0,823,0,823,low_activity,0,0,0,923,0,923
1769049964,35,64,0,0,0,0,no_volume,0,0,0,0,no_volume,0,823,0,823,low_activity,0,0,0,923,0,923
1769049965,35,64,0,0,0,0,no_volume,0,0,0,0,no_volume,0,823,0,823,low_activity,0,0,0,923,0,923
1769049966,35,64,0,0,0,0,no_volume,0,0,0,0,no_volume,0,823,0,823,low_activity,0,0,0,923,0,923
1769049967,35,64,0,16,0,16,low_activity,0,16,0,16,low_activity,0,839,0,839,low_activity,16,0,16,939,0,939
1769049968,35,64,0,16,0,16,low_activity,0,16,0,16,low_activity,0,839,0,839,low_activity,0,0,0,939,0,939
1769049969,35,64,0,16,0,16,low_activity,0,16,0,16,low_activity,0,839,0,839,low_activity,0,0,0,839,0,839
1769049970,35,64,0,0,0,0,no_volume,0,16,0,16,low_activity,0,839,0,839,low_activity,0,0,0,839,0,839
1769049971,35,64,0,0,0,0,no_volume,0,16,0,16,low_activity,0,839,0,839,low_activity,0,0,0,839,0,839
1769049972,35,64,0,0,0,0,no_volume,0,0,0,0,no_volume,0,839,0,839,low_activity,0,0,0,839,0,839
1769049973,35,64,0,0,0,0,no_volume,0,0,0,0,no_volume,0,839,0,839,low_activity,0,0,0,839,0,839
1769049974,35,64,0,0,0,0,no_volume,0,0,0,0,no_volume,0,839,0,839,low_activity,0,0,0,839,0,839
1769049975,35,64,0,0,0,0,no_volume,0,0,0,0,no_volume,0,839,0,839,low_activity,0,0,0,839,0,839
1769049976,35,64,0,0,0,0,no_volume,0,0,0,0,no_volume,0,839,0,839,low_activity,0,0,0,839,0,839
1769049977,35,64,0,0,0,0,no_volume,0,0,0,0,no_volume,0,839,0,839,low_activity,0,0,0,839,0,839
1769049978,35,64,0,0,0,0,no_volume,0,0,0,0,no_volume,0,839,0,839,low_activity,0,0,0,839,0,839
1769049979,35,64,0,0,0,0,no_volume,0,0,0,0,no_volume,0,42,0,42,low_activity,0,0,0,839,0,839
1769049980,35,64,0,0,0,0,no_volume,0,0,0,0,no_volume,0,16,0,16,low_activity,0,0,0,839,0,839
1769049981,35,64,0,0,0,0,no_volume,0,0,0,0,no_volume,0,16,0,16,low_activity,0,0,0,839,0,839
1769049982,35,64,0,0,0,0,no_volume,0,0,0,0,no_volume,0,16,0,16,low_activity,0,0,0,839,0,839
1769049983,35,64,0,0,0,0,no_volume,0,0,0,0,no_volume,0,16,0,16,low_activity,0,0,0,839,0,839
1769049984,35,64,0,0,0,0,no_volume,0,0,0,0,no_volume,0,16,0,16,low_activity,0,0,0,839,0,839
1769049985,35,64,0,41,0,41,low_activity,0,41,0,41,low_activity,0,57,0,57,low_activity,41,0,41,880,0,880
1769049986,35,64,0,41,0,41,low_activity,0,41,0,41,low_activity,0,57,0,57,low_activity,0,0,0,880,0,880
1769049987,35,64,0,41,0,41,low_activity,0,41,0,41,low_activity,0,57,0,57,low_activity,0,0,0,880,0,880
1769049988,35,64,0,0,0,0,no_volume,0,41,0,41,low_activity,0,57,0,57,low_activity,0,0,0,880,0,880
1769049989,35,64,0,0,0,0,no_volume,0,41,0,41,low_activity,0,57,0,57,low_activity,0,0,0,880,0,880
1769049990,35,64,0,0,0,0,no_volume,0,0,0,0,no_volume,0,57,0,57,low_activity,0,0,0,880,0,880
1769049991,35,64,0,0,0,0,no_volume,0,0,0,0,no_volume,0,57,0,57,low_activity,0,0,0,880,0,880
1769049992,35,64,0,0,0,0,no_volume,0,0,0,0,no_volume,0,57,0,57,low_activity,0,0,0,880,0,880
1769049993,35,64,0,0,0,0,no_volume,0,0,0,0,no_volume,0,57,0,57,low_activity,0,0,0,880,0,880
1769049994,35,64,0,0,0,0,no_volume,0,0,0,0,no_volume,0,57,0,57,low_activity,0,0,0,880,0,880
1769049995,35,64,0,0,0,0,no_volume,0,0,0,0,no_volume,0,57,0,57,low_activity,0,0,0,880,0,880
1769049996,35,64,0,0,0,0,no_volume,0,0,0,0,no_volume,0,57,0,57,low_activity,0,0,0,880,0,880
1769049997,35,64,0,0,0,0,no_volume,0,0,0,0,no_volume,0,41,0,41,low_activity,0,0,0,880,0,880
1769049998,35,64,0,0,0,0,low_activity,0,0,0,0,low_activity,0,41,0,41,low_activity,5,0,5,885,0,885
1769049999,35,64,0,0,0,0,low_activity,0,0,0,0,low_activity,0,41,0,41,low_activity,0,0,0,885,0,885
1769050000,35,64,0,0,0,0,low_activity,0,0,0,0,low_activity,0,41,0,41,low_activity,0,0,0,885,0,885
1769050001,35,64,0,0,0,0,no_volume,0,0,0,0,low_activity,0,41,0,41,low_activity,0,0,0,885,0,885
1769050002,35,64,0,0,0,0,no_volume,0,0,0,0,low_activity,0,41,0,41,low_activity,0,0,0,885,0,885
1769050003,35,64,0,0,0,0,no_volume,0,0,0,0,no_volume,0,41,0,41,low_activity,0,0,0,885,0,885
1769050004,35,64,0,68,0,68,low_activity,0,68,0,68,low_activity,0,109,0,109,low_activity,68,0,68,953,0,953
1769050005,35,64,0,68,0,68,low_activity,0,68,0,68,low_activity,0,109,0,109,low_activity,0,0,0,953,0,953
1769050006,35,64,0,68,0,68,low_activity,0,68,0,68,low_activity,0,109,0,109,low_activity,0,0,0,953,0,953
1769050007,35,64,0,0,0,0,no_volume,0,68,0,68,low_activity,0,109,0,109,low_activity,0,0,0,953,0,953
1769050008,35,64,0,0,0,0,no_volume,0,68,0,68,low_activity,0,109,0,109,low_activity,0,0,0,953,0,953
1769050009,35,64,0,0,0,0,low_activity,0,0,0,0,low_activity,0,109,0,109,low_activity,6,0,6,162,0,162
1769050010,35,64,0,0,0,0,low_activity,0,0,0,0,low_activity,0,109,0,109,low_activity,0,0,0,136,0,136
1769050011,35,64,0,0,0,0,low_activity,0,0,0,0,low_activity,0,109,0,109,low_activity,0,0,0,136,0,136
1769050012,35,64,0,0,0,0,no_volume,0,0,0,0,low_activity,0,109,0,109,low_activity,0,0,0,136,0,136
1769050013,35,64,0,0,0,0,no_volume,0,0,0,0,low_activity,0,109,0,109,low_activity,0,0,0,136,0,136
1769050014,35,64,0,0,0,0,no_volume,0,0,0,0,no_volume,0,109,0,109,low_activity,0,0,0,136,0,136
1769050015,35,64,0,0,0,0,no_volume,0,0,0,0,no_volume,0,68,0,68,low_activity,0,0,0,136,0,136
1769050016,35,64,0,0,0,0,no_volume,0,0,0,0,no_volume,0,68,0,68,low_activity,0,0,0,136,0,136
1769050017,35,64,0,0,0,0,no_volume,0,0,0,0,no_volume,0,68,0,68,low_activity,0,0,0,136,0,136
1769050018,35,64,0,0,0,0,no_volume,0,0,0,0,no_volume,0,68,0,68,low_activity,0,0,0,136,0,136
1769050019,35,64,0,0,0,0,low_activity,0,0,0,0,low_activity,0,68,0,68,low_activity,8,0,8,144,0,144
1769050020,35,64,0,0,0,0,low_activity,0,0,0,0,low_activity,0,68,0,68,low_activity,0,0,0,144,0,144
1769050021,35,64,0,0,0,0,low_activity,0,0,0,0,low_activity,0,68,0,68,low_activity,0,0,0,144,0,144
1769050022,35,64,0,0,0,0,no_volume,0,0,0,0,low_activity,0,68,0,68,low_activity,0,0,0,144,0,144
1769050023,35,64,0,0,0,0,no_volume,0,0,0,0,low_activity,0,68,0,68,low_activity,0,0,0,144,0,144
1769050024,35,64,0,0,0,0,no_volume,0,0,0,0,no_volume,0,68,0,68,low_activity,0,0,0,144,0,144
1769050025,35,64,0,0,0,0,no_volume,0,0,0,0,no_volume,0,68,0,68,low_activity,0,0,0,144,0,144
1769050026,35,64,0,0,0,0,no_volume,0,0,0,0,no_volume,0,68,0,68,low_activity,0,0,0,144,0,144
1769050027,35,64,0,0,0,0,no_volume,0,0,0,0,no_volume,0,68,0,68,low_activity,0,0,0,128,0,128
1769050028,35,64,0,102,0,102,low_activity,0,102,0,102,low_activity,0,170,0,170,low_activity,102,0,102,230,0,230
1769050029,35,64,0,102,0,102,low_activity,0,102,0,102,low_activity,0,170,0,170,low_activity,0,0,0,230,0,230
1769050030,35,64,0,102,0,102,low_activity,0,102,0,102,low_activity,0,170,0,170,low_activity,0,0,0,230,0,230
1769050031,35,64,0,0,0,0,no_volume,0,102,0,102,low_activity,0,170,0,170,low_activity,0,0,0,230,0,230
1769050032,35,64,0,0,0,0,no_volume,0,102,0,102,low_activity,0,170,0,170,low_activity,0,0,0,230,0,230
1769050033,35,64,0,0,0,0,no_volume,0,0,0,0,no_volume,0,170,0,170,low_activity,0,0,0,230,0,230
1769050034,35,64,0,0,0,0,no_volume,0,0,0,0,no_volume,0,102,0,102,low_activity,0,0,0,230,0,230
1769050035,35,64,0,0,0,0,no_volume,0,0,0,0,no_volume,0,102,0,102,low_activity,0,0,0,230,0,230
1769050036,35,64,0,0,0,0,no_volume,0,0,0,0,no_volume,0,102,0,102,low_activity,0,0,0,230,0,230
1769050037,35,64,0,0,0,0,no_volume,0,0,0,0,no_volume,0,102,0,102,low_activity,0,0,0,230,0,230
1769050038,35,64,0,0,0,0,no_volume,0,0,0,0,no_volume,0,102,0,102,low_activity,0,0,0,230,0,230
1769050039,35,64,0,25,0,25,low_activity,0,25,0,25,low_activity,0,127,0,127,low_activity,25,0,25,255,0,255
1769050040,35,64,0,25,0,25,low_activity,0,25,0,25,low_activity,0,127,0,127,low_activity,0,0,0,255,0,255
1769050041,35,64,0,25,0,25,low_activity,0,25,0,25,low_activity,0,127,0,127,low_activity,0,0,0,255,0,255
1769050042,35,64,0,0,0,0,no_volume,0,25,0,25,low_activity,0,127,0,127,low_activity,0,0,0,255,0,255
1769050043,35,64,0,0,0,0,no_volume,0,25,0,25,low_activity,0,127,0,127,low_activity,0,0,0,255,0,255
1769050044,35,64,0,0,0,0,no_volume,0,0,0,0,no_volume,0,127,0,127,low_activity,0,0,0,255,0,255
1769050045,35,64,0,0,0,0,no_volume,0,0,0,0,no_volume,0,127,0,127,low_activity,0,0,0,214,0,214
1769050046,35,64,0,0,0,0,low_activity,0,0,0,0,low_activity,0,127,0,127,low_activity,3,0,3,217,0,217
1769050047,35,64,0,0,0,0,low_activity,0,0,0,0,low_activity,0,127,0,127,low_activity,0,0,0,217,0,217
1769050048,35,64,0,0,0,0,low_activity,0,0,0,0,low_activity,0,127,0,127,low_activity,0,0,0,217,0,217
1769050049,35,64,0,0,0,0,no_volume,0,0,0,0,low_activity,0,127,0,127,low_activity,0,0,0,217,0,217
1769050050,35,64,0,0,0,0,no_volume,0,0,0,0,low_activity,0,127,0,127,low_activity,0,0,0,217,0,217
1769050051,35,64,0,0,0,0,no_volume,0,0,0,0,no_volume,0,127,0,127,low_activity,0,0,0,217,0,217
1769050052,35,64,0,25,0,25,low_activity,0,25,0,25,low_activity,0,152,0,152,low_activity,25,0,25,242,0,242
1769050053,35,64,0,25,0,25,low_activity,0,25,0,25,low_activity,0,152,0,152,low_activity,0,0,0,242,0,242
1769050054,35,64,0,51,0,51,low_activity,0,51,0,51,low_activity,0,178,0,178,low_activity,26,0,26,268,0,268
1769050055,35,64,0,26,0,26,low_activity,0,51,0,51,low_activity,0,178,0,178,low_activity,0,0,0,268,0,268
1769050056,35,64,0,26,0,26,low_activity,0,51,0,51,low_activity,0,178,0,178,low_activity,0,0,0,268,0,268
1769050057,35,64,0,0,0,0,no_volume,0,26,0,26,low_activity,0,178,0,178,low_activity,0,0,0,268,0,268
1769050058,35,64,0,0,0,0,no_volume,0,26,0,26,low_activity,0,76,0,76,low_activity,0,0,0,263,0,263
1769050059,35,64,0,0,0,0,no_volume,0,0,0,0,no_volume,0,76,0,76,low_activity,0,0,0,263,0,263
1769050060,35,64,0,0,0,0,no_volume,0,0,0,0,no_volume,0,76,0,76,low_activity,0,0,0,263,0,263
1769050061,35,64,0,0,0,0,no_volume,0,0,0,0,no_volume,0,76,0,76,low_activity,0,0,0,263,0,263
1769050062,35,64,0,0,0,0,no_volume,0,0,0,0,no_volume,0,76,0,76,low_activity,0,0,0,263,0,263
1769050063,35,64,0,0,0,0,no_volume,0,0,0,0,no_volume,0,76,0,76,low_activity,0,0,0,263,0,263
1769050064,35,64,0,0,0,0,no_volume,0,0,0,0,no_volume,0,76,0,76,low_activity,0,0,0,195,0,195
1769050065,35,64,0,0,0,0,no_volume,0,0,0,0,no_volume,0,76,0,76,low_activity,0,0,0,195,0,195
1769050066,35,64,0,0,0,0,no_volume,0,0,0,0,no_volume,0,76,0,76,low_activity,0,0,0,195,0,195
1769050067,35,64,0,0,0,0,no_volume,0,0,0,0,no_volume,0,76,0,76,low_activity,0,0,0,195,0,195
1769050068,35,64,0,0,0,0,no_volume,0,0,0,0,no_volume,0,76,0,76,low_activity,0,0,0,195,0,195
1769050069,35,64,0,0,0,0,no_volume,0,0,0,0,no_volume,0,51,0,51,low_activity,0,0,0,189,0,189
1769050070,35,64,0,0,0,0,no_volume,0,0,0,0,no_volume,0,51,0,51,low_activity,0,0,0,189,0,189
1769050071,35,64,0,0,0,0,no_volume,0,0,0,0,no_volume,0,51,0,51,low_activity,0,0,0,189,0,189
1769050072,35,64,0,0,0,0,no_volume,0,0,0,0,no_volume,0,51,0,51,low_activity,0,0,0,189,0,189
1769050073,35,64,0,0,0,0,no_volume,0,0,0,0,no_volume,0,51,0,51,low_activity,0,0,0,189,0,189
1769050074,35,64,0,28,0,28,low_activity,0,28,0,28,low_activity,0,79,0,79,low_activity,28,0,28,217,0,217
1769050075,35,64,0,28,0,28,low_activity,0,28,0,28,low_activity,0,79,0,79,low_activity,0,0,0,217,0,217
1769050076,35,64,0,28,0,28,low_activity,0,28,0,28,low_activity,0,79,0,79,low_activity,0,0,0,217,0,217
1769050077,35,64,0,0,0,0,no_volume,0,28,0,28,low_activity,0,79,0,79,low_activity,0,0,0,217,0,217
1769050078,35,64,0,0,0,0,no_volume,0,28,0,28,low_activity,0,79,0,79,low_activity,0,0,0,217,0,217
1769050079,35,64,0,0,0,0,no_volume,0,0,0,0,no_volume,0,79,0,79,low_activity,0,0,0,209,0,209
1769050080,35,64,0,0,0,0,no_volume,0,0,0,0,no_volume,0,79,0,79,low_activity,0,0,0,209,0,209
1769050081,35,64,0,0,0,0,no_volume,0,0,0,0,no_volume,0,79,0,79,low_activity,0,0,0,209,0,209
1769050082,35,64,0,0,0,0,no_volume,0,0,0,0,no_volume,0,54,0,54,low_activity,0,0,0,209,0,209
1769050083,35,64,0,128,0,128,low_activity,0,128,0,128,low_activity,0,182,0,182,low_activity,128,0,128,337,0,337
1769050084,35,64,0,128,0,128,low_activity,0,128,0,128,low_activity,0,156,0,156,low_activity,0,0,0,337,0,337
1769050085,35,64,0,128,0,128,low_activity,0,128,0,128,low_activity,0,156,0,156,low_activity,0,0,0,337,0,337
1769050086,35,64,0,0,0,0,no_volume,0,128,0,128,low_activity,0,156,0,156,low_activity,0,0,0,337,0,337
1769050087,35,64,0,297,0,297,low_activity,0,425,0,425,low_activity,0,453,0,453,low_activity,297,0,297,634,0,634
1769050088,35,64,0,297,0,297,low_activity,0,297,0,297,low_activity,0,453,0,453,low_activity,0,0,0,532,0,532
1769050089,35,64,0,297,0,297,low_activity,0,297,0,297,low_activity,0,453,0,453,low_activity,0,0,0,532,0,532
1769050090,35,64,0,0,0,0,no_volume,0,297,0,297,low_activity,0,453,0,453,low_activity,0,0,0,532,0,532
1769050091,35,64,0,26,0,26,low_activity,0,323,0,323,low_activity,0,479,0,479,low_activity,26,0,26,558,0,558
1769050092,35,64,0,26,0,26,low_activity,0,26,0,26,low_activity,0,479,0,479,low_activity,0,0,0,558,0,558
1769050093,35,64,0,26,0,26,low_activity,0,26,0,26,low_activity,0,479,0,479,low_activity,0,0,0,558,0,558
1769050094,35,64,0,0,0,0,no_volume,0,26,0,26,low_activity,0,479,0,479,low_activity,0,0,0,558,0,558
1769050095,35,64,0,418,0,418,low_activity,0,444,0,444,low_activity,1.0,897,0,897,ok_volume,418,0,418,976,0,976
1769050096,35,64,0,418,0,418,low_activity,0,418,0,418,low_activity,1.0,897,0,897,ok_volume,0,0,0,976,0,976
1769050097,35,64,0,433,0,433,low_activity,0,433,0,433,low_activity,1.0,912,0,912,ok_volume,15,0,15,991,0,991
1769050098,35,64,0,15,0,15,low_activity,0,433,0,433,low_activity,1.0,912,0,912,ok_volume,0,0,0,991,0,991
1769050099,35,64,0,15,0,15,low_activity,0,433,0,433,low_activity,1.0,912,0,912,ok_volume,0,0,0,966,0,966
1769050100,35,64,0,0,0,0,no_volume,0,15,0,15,low_activity,1.0,912,0,912,ok_volume,0,0,0,966,0,966
1769050101,35,64,0,0,0,0,no_volume,0,15,0,15,low_activity,1.0,912,0,912,ok_volume,0,0,0,966,0,966
1769050102,35,64,0,0,0,0,no_volume,0,0,0,0,no_volume,1.0,912,0,912,ok_volume,0,0,0,966,0,966
1769050103,35,64,0,26,0,26,low_activity,0,26,0,26,low_activity,1.0,938,0,938,ok_volume,26,0,26,992,0,992
1769050104,35,64,0,115,0,115,low_activity,0,115,0,115,low_activity,1.0,999,0,999,ok_volume,89,0,89,1081,0,1081
1769050105,35,64,0,115,0,115,low_activity,0,115,0,115,low_activity,1.0,999,0,999,ok_volume,0,0,0,1081,0,1081
1769050106,35,64,0,89,0,89,low_activity,0,115,0,115,low_activity,1.0,999,0,999,ok_volume,0,0,0,1078,0,1078
1769050107,35,64,0,320,0,320,low_activity,0,435,0,435,low_activity,1.0,1319,0,1319,ok_volume,320,0,320,1398,0,1398
1769050108,35,64,0,320,0,320,low_activity,0,409,0,409,low_activity,1.0,1319,0,1319,ok_volume,0,0,0,1398,0,1398
1769050109,35,64,0,320,0,320,low_activity,0,320,0,320,low_activity,1.0,1319,0,1319,ok_volume,0,0,0,1398,0,1398
1769050110,35,64,0,0,0,0,no_volume,0,320,0,320,low_activity,1.0,1319,0,1319,ok_volume,0,0,0,1398,0,1398
1769050111,35,64,0,0,0,0,no_volume,0,320,0,320,low_activity,1.0,1319,0,1319,ok_volume,0,0,0,1398,0,1398
1769050112,35,64,0,0,0,0,no_volume,0,0,0,0,no_volume,1.0,1319,0,1319,ok_volume,0,0,0,1373,0,1373
1769050113,35,64,0,0,0,0,no_volume,0,0,0,0,no_volume,1.0,1191,0,1191,ok_volume,0,0,0,1373,0,1373
1769050114,35,64,0,0,0,0,no_volume,0,0,0,0,no_volume,1.0,1191,0,1191,ok_volume,0,0,0,1347,0,1347
1769050115,35,64,0,0,0,0,no_volume,0,0,0,0,no_volume,1.0,1191,0,1191,ok_volume,0,0,0,1347,0,1347
1769050116,35,64,0,26,0,26,low_activity,0,26,0,26,low_activity,1.0,1217,0,1217,ok_volume,26,0,26,1373,0,1373
1769050117,35,64,0,26,0,26,low_activity,0,26,0,26,low_activity,1.0,920,0,920,ok_volume,0,0,0,1373,0,1373
1769050118,35,64,0,26,0,26,low_activity,0,26,0,26,low_activity,1.0,920,0,920,ok_volume,1,0,1,1374,0,1374
1769050119,35,64,0,10051,0,10051,low_activity,0,10077,0,10077,low_activity,1.0,10971,0,10971,ok_volume,10051,0,10051,11425,0,11425
1769050120,35,64,0,10051,0,10051,low_activity,0,10077,0,10077,low_activity,1.0,10971,0,10971,ok_volume,0,0,0,11425,0,11425
1769050121,35,64,0,10051,0,10051,low_activity,0,10051,0,10051,low_activity,1.0,10945,0,10945,ok_volume,0,0,0,11425,0,11425
1769050122,35,64,0,0,0,0,no_volume,0,10051,0,10051,low_activity,1.0,10945,0,10945,ok_volume,0,0,0,11425,0,11425
1769050123,35,64,0,0,0,0,no_volume,0,10051,0,10051,low_activity,1.0,10945,0,10945,ok_volume,0,0,0,11425,0,11425
1769050124,35,64,0,142,0,142,low_activity,0,142,0,142,low_activity,1.0,11087,0,11087,ok_volume,142,0,142,11567,0,11567
1769050125,35,64,0,142,0,142,low_activity,0,142,0,142,low_activity,1.0,10669,0,10669,ok_volume,0,0,0,11567,0,11567
1769050126,35,64,0,142,0,142,low_activity,0,142,0,142,low_activity,1.0,10669,0,10669,ok_volume,0,0,0,11567,0,11567
1769050127,35,64,0,0,0,0,no_volume,0,142,0,142,low_activity,1.0,10654,0,10654,ok_volume,0,0,0,11567,0,11567
1769050128,35,64,0,0,0,0,no_volume,0,142,0,142,low_activity,1.0,10654,0,10654,ok_volume,0,0,0,11567,0,11567
1769050129,35,64,0,0,0,0,no_volume,0,0,0,0,no_volume,1.0,10654,0,10654,ok_volume,0,0,0,11567,0,11567
1769050130,35,64,0,0,0,0,no_volume,0,0,0,0,no_volume,1.0,10654,0,10654,ok_volume,0,0,0,11567,0,11567
1769050131,35,64,0,184,0,184,low_activity,0,184,0,184,low_activity,1.0,10838,0,10838,ok_volume,184,0,184,11751,0,11751
1769050132,35,64,0,184,0,184,low_activity,0,184,0,184,low_activity,1.0,10838,0,10838,ok_volume,0,0,0,11751,0,11751
1769050133,35,64,0,184,0,184,low_activity,0,184,0,184,low_activity,1.0,10812,0,10812,ok_volume,0,0,0,11751,0,11751
1769050134,35,64,0,0,0,0,no_volume,0,184,0,184,low_activity,1.0,10723,0,10723,ok_volume,0,0,0,11723,0,11723
1769050135,35,64,0,0,0,0,no_volume,0,184,0,184,low_activity,1.0,10723,0,10723,ok_volume,0,0,0,11723,0,11723
1769050136,35,64,0,0,0,0,no_volume,0,0,0,0,no_volume,1.0,10723,0,10723,ok_volume,0,0,0,11723,0,11723
1769050137,35,64,0,0,0,0,no_volume,0,0,0,0,no_volume,1.0,10403,0,10403,ok_volume,0,0,0,11723,0,11723
1769050138,35,64,0,0,0,0,no_volume,0,0,0,0,no_volume,1.0,10403,0,10403,ok_volume,0,0,0,11723,0,11723
1769050139,35,64,0,0,0,0,no_volume,0,0,0,0,no_volume,1.0,10403,0,10403,ok_volume,0,0,0,11723,0,11723
1769050140,35,64,0,53,0,53,low_activity,0,53,0,53,low_activity,1.0,10456,0,10456,ok_volume,0,0,0,11776,0,11776
1769050141,35,64,0,53,0,53,low_activity,0,53,0,53,low_activity,1.0,10456,0,10456,ok_volume,0,0,0,11776,0,11776
1769050142,35,64,0,0,0,0,low_activity,0,53,0,53,low_activity,1.0,10456,0,10456,ok_volume,0,0,0,11780,0,11780
1769050143,35,64,0,0,0,0,low_activity,0,53,0,53,low_activity,1.0,10456,0,10456,ok_volume,0,0,0,11652,0,11652
1769050144,35,64,0,0,0,0,no_volume,0,0,0,0,low_activity,1.0,10456,0,10456,ok_volume,0,0,0,11652,0,11652
1769050145,35,64,0,0,0,0,no_volume,0,0,0,0,low_activity,1.0,10456,0,10456,ok_volume,0,0,0,11652,0,11652
1769050146,35,64,0,0,0,0,no_volume,0,0,0,0,no_volume,1.0,10430,0,10430,ok_volume,0,0,0,11652,0,11652
1769050147,35,64,0,0,0,0,no_volume,0,0,0,0,no_volume,1.0,10430,0,10430,ok_volume,0,0,0,11355,0,11355
1769050148,35,64,0,0,0,0,no_volume,0,0,0,0,no_volume,1.0,10430,0,10430,ok_volume,0,0,0,11355,0,11355
1769050149,35,64,0,0,0,0,no_volume,0,0,0,0,no_volume,0,379,0,379,low_activity,0,0,0,11355,0,11355
1769050150,35,64,0,0,0,0,no_volume,0,0,0,0,no_volume,0,379,0,379,low_activity,0,0,0,11355,0,11355
1769050151,35,64,0,0,0,0,no_volume,0,0,0,0,no_volume,0,379,0,379,low_activity,0,0,0,11329,0,11329
1769050152,35,64,0,0,0,0,no_volume,0,0,0,0,no_volume,0,379,0,379,low_activity,0,0,0,11329,0,11329
1769050153,35,64,0,0,0,0,no_volume,0,0,0,0,no_volume,0,379,0,379,low_activity,0,0,0,11329,0,11329
1769050154,35,64,0,0,0,0,no_volume,0,0,0,0,no_volume,0,237,0,237,low_activity,0,0,0,11329,0,11329
1769050155,35,64,0,0,0,0,no_volume,0,0,0,0,no_volume,0,237,0,237,low_activity,0,0,0,10911,0,10911
1769050156,35,64,0,104,0,104,low_activity,0,104,0,104,low_activity,0,341,0,341,low_activity,104,0,104,11015,0,11015
1769050157,35,64,0,104,0,104,low_activity,0,104,0,104,low_activity,0,341,0,341,low_activity,0,0,0,11000,0,11000
1769050158,35,64,0,130,0,130,low_activity,0,130,0,130,low_activity,0,367,0,367,low_activity,26,0,26,11026,0,11026
1769050159,35,64,0,154,0,154,low_activity,0,258,0,258,low_activity,1.0,495,0,495,ok_volume,128,0,128,11154,0,11154
1769050160,35,64,0,154,0,154,low_activity,0,258,0,258,low_activity,1.0,495,0,495,ok_volume,0,0,0,11154,0,11154
1769050161,35,64,0,128,0,128,low_activity,0,154,0,154,low_activity,0,311,0,311,low_activity,0,0,0,11154,0,11154
1769050162,35,64,0,0,0,0,no_volume,0,154,0,154,low_activity,0,311,0,311,low_activity,0,0,0,11154,0,11154
1769050163,35,64,0,0,0,0,no_volume,0,128,0,128,low_activity,0,311,0,311,low_activity,0,0,0,11128,0,11128
1769050164,35,64,0,0,0,0,no_volume,0,0,0,0,no_volume,0,311,0,311,low_activity,0,0,0,11039,0,11039
1769050165,35,64,0,0,0,0,no_volume,0,0,0,0,no_volume,0,311,0,311,low_activity,0,0,0,11039,0,11039
1769050166,35,64,0,0,0,0,no_volume,0,0,0,0,no_volume,0,311,0,311,low_activity,0,0,0,11039,0,11039
1769050167,35,64,0,0,0,0,no_volume,0,0,0,0,no_volume,0,311,0,311,low_activity,0,0,0,10719,0,10719
1769050168,35,64,0,0,0,0,no_volume,0,0,0,0,no_volume,0,311,0,311,low_activity,0,0,0,10719,0,10719
1769050169,35,64,0,0,0,0,no_volume,0,0,0,0,no_volume,0,258,0,258,low_activity,0,0,0,10719,0,10719
1769050170,35,64,0,434,0,434,low_activity,0,434,0,434,low_activity,0,692,0,692,low_activity,434,0,434,11153,0,11153
1769050171,35,64,0,434,0,434,low_activity,0,434,0,434,low_activity,0,692,0,692,low_activity,0,0,0,11153,0,11153
1769050172,35,64,0,434,0,434,low_activity,0,434,0,434,low_activity,0,692,0,692,low_activity,0,0,0,11153,0,11153
1769050173,35,64,0,30,0,30,low_activity,0,464,0,464,low_activity,1.0,722,0,722,ok_volume,30,0,30,11183,0,11183
1769050174,35,64,0,30,0,30,low_activity,0,464,0,464,low_activity,1.0,722,0,722,ok_volume,0,0,0,11183,0,11183
1769050175,35,64,0,30,0,30,low_activity,0,30,0,30,low_activity,1.0,722,0,722,ok_volume,0,0,0,11183,0,11183
1769050176,35,64,0,0,0,0,no_volume,0,30,0,30,low_activity,1.0,722,0,722,ok_volume,0,0,0,11157,0,11157
1769050177,35,64,0,0,0,0,no_volume,0,30,0,30,low_activity,1.0,722,0,722,ok_volume,0,0,0,11157,0,11157
1769050178,35,64,0,0,0,0,no_volume,0,0,0,0,no_volume,1.0,722,0,722,ok_volume,0,0,0,11156,0,11156
1769050179,35,64,0,0,0,0,no_volume,0,0,0,0,no_volume,1.0,722,0,722,ok_volume,0,0,0,1105,0,1105
1769050180,35,64,0,0,0,0,no_volume,0,0,0,0,no_volume,1.0,722,0,722,ok_volume,0,0,0,1105,0,1105
1769050181,35,64,0,0,0,0,no_volume,0,0,0,0,no_volume,1.0,722,0,722,ok_volume,0,0,0,1105,0,1105
1769050182,35,64,0,0,0,0,no_volume,0,0,0,0,no_volume,1.0,722,0,722,ok_volume,0,0,0,1105,0,1105
1769050183,35,64,0,0,0,0,no_volume,0,0,0,0,no_volume,1.0,722,0,722,ok_volume,0,0,0,1105,0,1105
1769050184,35,64,0,199,0,199,low_activity,0,199,0,199,low_activity,1.0,921,0,921,ok_volume,202,0,202,1165,0,1165
1769050185,35,64,0,199,0,199,low_activity,0,199,0,199,low_activity,1.0,921,0,921,ok_volume,0,0,0,1165,0,1165
1769050186,35,64,0,199,0,199,low_activity,0,199,0,199,low_activity,1.0,817,0,817,ok_volume,0,0,0,1165,0,1165
1769050187,35,64,0,0,0,0,no_volume,0,199,0,199,low_activity,1.0,817,0,817,ok_volume,0,0,0,1165,0,1165
1769050188,35,64,0,0,0,0,no_volume,0,199,0,199,low_activity,1.0,791,0,791,ok_volume,0,0,0,1165,0,1165
1769050189,35,64,0,0,0,0,no_volume,0,0,0,0,no_volume,1.0,663,0,663,ok_volume,0,0,0,1165,0,1165
1769050190,35,64,0,0,0,0,no_volume,0,0,0,0,no_volume,1.0,663,0,663,ok_volume,0,0,0,1165,0,1165
1769050191,35,64,0,0,0,0,no_volume,0,0,0,0,no_volume,1.0,663,0,663,ok_volume,0,0,0,981,0,981
1769050192,35,64,0,0,0,0,low_activity,0,0,0,0,low_activity,1.0,663,0,663,ok_volume,5,0,5,986,0,986
1769050193,35,64,0,0,0,0,low_activity,0,0,0,0,low_activity,1.0,663,0,663,ok_volume,0,0,0,986,0,986
1769050194,35,64,0,0,0,0,low_activity,0,0,0,0,low_activity,1.0,663,0,663,ok_volume,0,0,0,986,0,986
1769050195,35,64,0,0,0,0,no_volume,0,0,0,0,low_activity,1.0,663,0,663,ok_volume,0,0,0,986,0,986
1769050196,35,64,0,0,0,0,no_volume,0,0,0,0,low_activity,1.0,663,0,663,ok_volume,0,0,0,986,0,986
1769050197,35,64,0,512,0,512,low_activity,0,512,0,512,low_activity,1.0,1175,0,1175,ok_volume,514,0,514,1500,0,1500
1769050198,35,64,0,512,0,512,low_activity,0,512,0,512,low_activity,1.0,1175,0,1175,ok_volume,0,0,0,1500,0,1500
1769050199,35,64,0,530,0,530,low_activity,0,530,0,530,low_activity,1.0,1193,0,1193,ok_volume,18,0,18,1465,0,1465
1769050200,35,64,0,18,0,18,low_activity,0,530,0,530,low_activity,1.0,759,0,759,ok_volume,0,0,0,1465,0,1465
1769050201,35,64,0,18,0,18,low_activity,0,530,0,530,low_activity,1.0,759,0,759,ok_volume,0,0,0,1461,0,1461
1769050202,35,64,0,0,0,0,no_volume,0,18,0,18,low_activity,1.0,759,0,759,ok_volume,0,0,0,1461,0,1461
1769050203,35,64,0,0,0,0,no_volume,0,18,0,18,low_activity,1.0,729,0,729,ok_volume,0,0,0,1461,0,1461
1769050204,35,64,0,0,0,0,no_volume,0,0,0,0,no_volume,1.0,729,0,729,ok_volume,0,0,0,1461,0,1461
1769050205,35,64,0,0,0,0,no_volume,0,0,0,0,no_volume,1.0,729,0,729,ok_volume,0,0,0,1461,0,1461
1769050206,35,64,0,0,0,0,no_volume,0,0,0,0,no_volume,1.0,729,0,729,ok_volume,0,0,0,1461,0,1461
1769050207,35,64,0,0,0,0,no_volume,0,0,0,0,no_volume,1.0,729,0,729,ok_volume,0,0,0,1461,0,1461
1769050208,35,64,0,0,0,0,no_volume,0,0,0,0,no_volume,1.0,729,0,729,ok_volume,0,0,0,1461,0,1461
1769050209,35,64,0,0,0,0,no_volume,0,0,0,0,no_volume,1.0,729,0,729,ok_volume,0,0,0,1461,0,1461
1769050210,35,64,0,0,0,0,no_volume,0,0,0,0,no_volume,1.0,729,0,729,ok_volume,0,0,0,1461,0,1461
1769050211,35,64,0,0,0,0,no_volume,0,0,0,0,no_volume,1.0,729,0,729,ok_volume,0,0,0,1461,0,1461
1769050212,35,63,0,407,0,407,low_activity,0,407,0,407,low_activity,1.0,1136,0,1136,ok_volume,407,0,407,1868,0,1868
1769050213,35,63,0,407,0,407,low_activity,0,407,0,407,low_activity,1.0,1136,0,1136,ok_volume,0,0,0,1868,0,1868
1769050214,35,63,0,407,0,407,low_activity,0,407,0,407,low_activity,0,937,0,937,low_activity,0,0,0,1868,0,1868
1769050215,35,63,0,0,0,0,no_volume,0,407,0,407,low_activity,0,937,0,937,low_activity,0,0,0,1868,0,1868
1769050216,35,63,0,0,0,0,no_volume,0,407,0,407,low_activity,0,937,0,937,low_activity,0,0,0,1764,0,1764
1769050217,35,63,0,0,0,0,no_volume,0,0,0,0,no_volume,0,937,0,937,low_activity,0,0,0,1764,0,1764
1769050218,35,63,0,0,0,0,no_volume,0,0,0,0,no_volume,0,937,0,937,low_activity,0,0,0,1738,0,1738
1769050219,35,63,0,0,0,0,no_volume,0,0,0,0,no_volume,0,937,0,937,low_activity,0,0,0,1610,0,1610
1769050220,36,63,0,0,0,0,no_volume,0,0,0,0,no_volume,0,937,0,937,low_activity,0,0,0,1610,0,1610
1769050221,36,63,0,51,0,51,low_activity,0,51,0,51,low_activity,1.0,988,0,988,ok_volume,51,0,51,1661,0,1661
1769050222,36,63,0,51,0,51,low_activity,0,51,0,51,low_activity,1.0,988,0,988,ok_volume,0,0,0,1661,0,1661
1769050223,36,63,0,51,0,51,low_activity,0,51,0,51,low_activity,1.0,988,0,988,ok_volume,0,0,0,1661,0,1661
1769050224,36,63,0,0,0,0,no_volume,0,51,0,51,low_activity,1.0,988,0,988,ok_volume,0,0,0,1661,0,1661
1769050225,36,63,0,0,0,0,no_volume,0,51,0,51,low_activity,1.0,988,0,988,ok_volume,0,0,0,1661,0,1661
1769050226,36,63,0,0,0,0,no_volume,0,0,0,0,no_volume,1.0,988,0,988,ok_volume,0,0,0,1661,0,1661
1769050227,36,63,0,0,0,0,no_volume,0,0,0,0,no_volume,0,476,0,476,low_activity,0,0,0,1661,0,1661
1769050228,36,63,0,0,0,0,no_volume,0,0,0,0,no_volume,0,476,0,476,low_activity,0,0,0,1661,0,1661
1769050229,36,63,0,0,0,0,no_volume,0,0,0,0,no_volume,0,458,0,458,low_activity,0,0,0,1661,0,1661
1769050230,36,63,0,0,0,0,no_volume,0,0,0,0,no_volume,0,458,0,458,low_activity,0,0,0,1227,0,1227
1769050231,36,63,0,0,0,0,no_volume,0,0,0,0,no_volume,0,458,0,458,low_activity,0,0,0,1227,0,1227
1769050232,36,63,0,0,0,0,no_volume,0,0,0,0,no_volume,0,458,0,458,low_activity,0,0,0,1227,0,1227
1769050233,36,63,0,0,0,0,no_volume,0,0,0,0,no_volume,0,458,0,458,low_activity,0,0,0,1197,0,1197
1769050234,36,63,0,0,0,0,no_volume,0,0,0,0,no_volume,0,458,0,458,low_activity,0,0,0,1197,0,1197
1769050235,36,63,0,0,0,0,no_volume,0,0,0,0,no_volume,0,458,0,458,low_activity,0,0,0,1197,0,1197
1769050236,36,63,0,0,0,0,no_volume,0,0,0,0,no_volume,0,458,0,458,low_activity,0,0,0,1197,0,1197
1769050237,36,63,0,50,0,50,low_activity,0,50,0,50,low_activity,0,508,0,508,low_activity,50,0,50,1247,0,1247
1769050238,35,63,0,101,0,101,low_activity,0,101,0,101,low_activity,1.0,559,0,559,ok_volume,51,0,51,1298,0,1298
1769050239,35,63,0,101,0,101,low_activity,0,101,0,101,low_activity,1.0,559,0,559,ok_volume,0,0,0,1298,0,1298
1769050240,35,63,0,51,0,51,low_activity,0,101,0,101,low_activity,1.0,559,0,559,ok_volume,0,0,0,1298,0,1298
1769050241,35,63,0,0,0,0,no_volume,0,101,0,101,low_activity,1.0,559,0,559,ok_volume,0,0,0,1298,0,1298
1769050242,35,63,0,25,0,25,low_activity,0,76,0,76,low_activity,0,177,0,177,low_activity,0,0,0,1323,0,1323
1769050243,35,63,0,25,0,25,low_activity,0,25,0,25,low_activity,0,177,0,177,low_activity,0,0,0,1323,0,1323
1769050244,35,63,0,0,0,0,no_volume,0,25,0,25,low_activity,0,177,0,177,low_activity,0,0,0,1121,0,1121
1769050245,35,63,0,0,0,0,no_volume,0,25,0,25,low_activity,0,177,0,177,low_activity,0,0,0,1121,0,1121
1769050246,35,63,0,512,31,543,low_activity,0,512,31,543,low_activity,0.914,689,31,720,ok_volume,512,31,543,1633,31,1664
1769050247,35,63,0,512,31,543,low_activity,0,512,31,543,low_activity,0.914,689,31,720,ok_volume,0,0,0,1633,31,1664
1769050248,35,63,0,512,31,543,low_activity,0,512,31,543,low_activity,0.914,689,31,720,ok_volume,0,0,0,1633,31,1664
1769050249,35,63,0,0,0,0,no_volume,0,512,31,543,low_activity,0.914,689,31,720,ok_volume,0,0,0,1633,31,1664
1769050250,35,63,0,0,0,0,no_volume,0,512,31,543,low_activity,0.914,689,31,720,ok_volume,0,0,0,1633,31,1664
1769050251,35,63,0,0,0,0,no_volume,0,0,0,0,no_volume,0.907,638,31,669,ok_volume,0,0,0,1633,31,1664
1769050252,35,63,0,0,0,0,no_volume,0,0,0,0,no_volume,0.907,638,31,669,ok_volume,0,0,0,1628,31,1659
1769050253,35,63,0,0,0,0,no_volume,0,0,0,0,no_volume,0.907,638,31,669,ok_volume,0,0,0,1628,31,1659
1769050254,35,63,0,0,0,0,low_activity,0,0,0,0,low_activity,0.907,638,31,669,ok_volume,7,0,7,1635,31,1666
1769050255,35,63,0,0,0,0,low_activity,0,0,0,0,low_activity,0.907,638,31,669,ok_volume,0,0,0,1635,31,1666
1769050256,35,63,0,0,0,0,low_activity,0,0,0,0,low_activity,0.907,638,31,669,ok_volume,0,0,0,1635,31,1666
1769050257,35,63,0,0,0,0,no_volume,0,0,0,0,low_activity,0.907,638,31,669,ok_volume,0,0,0,1121,31,1152
1769050258,35,63,0,0,0,0,no_volume,0,0,0,0,low_activity,0.907,638,31,669,ok_volume,0,0,0,1121,31,1152
1769050259,35,63,0,0,0,0,no_volume,0,0,0,0,no_volume,0.907,638,31,669,ok_volume,0,0,0,1103,31,1134
1769050260,35,63,0,0,0,0,no_volume,0,0,0,0,no_volume,0.907,638,31,669,ok_volume,0,0,0,1103,31,1134
1769050261,35,63,0,0,0,0,no_volume,0,0,0,0,no_volume,0.907,638,31,669,ok_volume,0,0,0,1103,31,1134
1769050262,35,63,0,0,0,0,no_volume,0,0,0,0,no_volume,0.907,638,31,669,ok_volume,0,0,0,1103,31,1134
1769050263,35,63,0,0,0,0,no_volume,0,0,0,0,no_volume,0.907,638,31,669,ok_volume,0,0,0,1103,31,1134
1769050264,35,63,0,0,0,0,no_volume,0,0,0,0,no_volume,0.907,638,31,669,ok_volume,0,0,0,1103,31,1134
1769050265,35,63,0,0,0,0,no_volume,0,0,0,0,no_volume,0.907,638,31,669,ok_volume,0,0,0,1103,31,1134
1769050266,35,63,0,0,0,0,no_volume,0,0,0,0,no_volume,0.907,638,31,669,ok_volume,0,0,0,1103,31,1134
1769050267,35,63,0,0,0,0,no_volume,0,0,0,0,no_volume,0,588,31,619,low_activity,0,0,0,1103,31,1134
1769050268,35,63,0,0,0,0,no_volume,0,0,0,0,no_volume,0,537,31,568,low_activity,0,0,0,1103,31,1134
1769050269,35,63,0,0,0,0,no_volume,0,0,0,0,no_volume,0,537,31,568,low_activity,0,0,0,1103,31,1134
1769050270,35,63,0,0,0,0,no_volume,0,0,0,0,no_volume,0,537,31,568,low_activity,0,0,0,1103,31,1134
1769050271,35,63,0,0,0,0,no_volume,0,0,0,0,no_volume,0,512,31,543,low_activity,0,0,0,1103,31,1134
1769050272,35,63,0,0,0,0,no_volume,0,0,0,0,no_volume,0,512,31,543,low_activity,0,0,0,696,31,727
1769050273,35,63,0,0,0,0,no_volume,0,0,0,0,no_volume,0,512,31,543,low_activity,0,0,0,696,31,727
1769050274,35,63,0,0,0,0,no_volume,0,0,0,0,no_volume,0,512,31,543,low_activity,0,0,0,696,31,727
1769050275,35,63,0,0,0,0,no_volume,0,0,0,0,no_volume,0,512,31,543,low_activity,0,0,0,696,31,727
1769050276,35,63,0,0,0,0,low_activity,0,0,0,0,low_activity,0,0,0,0,low_activity,7,0,7,703,31,734
1769050277,35,63,0,25,0,25,low_activity,0,25,0,25,low_activity,0,25,0,25,low_activity,25,0,25,728,31,759
1769050278,36,63,0,25,0,25,low_activity,0,25,0,25,low_activity,0,25,0,25,low_activity,0,0,0,728,31,759
1769050279,35,63,0,25,0,25,low_activity,0,25,0,25,low_activity,0,25,0,25,low_activity,0,0,0,728,31,759
1769050280,35,63,0,0,0,0,no_volume,0,25,0,25,low_activity,0,25,0,25,low_activity,0,0,0,728,31,759
1769050281,35,63,0,0,0,0,no_volume,0,25,0,25,low_activity,0,25,0,25,low_activity,0,0,0,677,31,708
1769050282,35,63,0,0,0,0,no_volume,0,0,0,0,no_volume,0,25,0,25,low_activity,0,0,0,677,31,708
1769050283,35,63,0,0,0,0,no_volume,0,0,0,0,no_volume,0,25,0,25,low_activity,0,0,0,677,31,708
1769050284,35,63,0,0,0,0,low_activity,0,0,0,0,low_activity,0,25,0,25,low_activity,5,0,5,682,31,713
1769050285,35,63,0,0,0,0,low_activity,0,0,0,0,low_activity,0,25,0,25,low_activity,0,0,0,682,31,713
1769050286,35,63,0,25,0,25,low_activity,0,25,0,25,low_activity,0,50,0,50,low_activity,25,0,25,707,31,738
1769050287,35,63,0,25,0,25,low_activity,0,25,0,25,low_activity,0,50,0,50,low_activity,0,0,0,707,31,738
1769050288,35,63,0,25,0,25,low_activity,0,25,0,25,low_activity,0,50,0,50,low_activity,0,0,0,707,31,738
1769050289,35,63,0,0,0,0,no_volume,0,25,0,25,low_activity,0,50,0,50,low_activity,0,0,0,707,31,738
1769050290,35,63,0,0,0,0,no_volume,0,25,0,25,low_activity,0,50,0,50,low_activity,0,0,0,707,31,738
1769050291,35,63,0,0,0,0,low_activity,0,0,0,0,low_activity,0,50,0,50,low_activity,5,0,5,712,31,743
1769050292,35,63,0,0,0,0,low_activity,0,0,0,0,low_activity,0,50,0,50,low_activity,0,0,0,712,31,743
1769050293,35,63,0,0,0,0,low_activity,0,0,0,0,low_activity,0,50,0,50,low_activity,0,0,0,712,31,743
1769050294,35,63,0,0,0,0,no_volume,0,0,0,0,low_activity,0,50,0,50,low_activity,0,0,0,712,31,743
1769050295,35,63,0,10,0,10,low_activity,0,10,0,10,low_activity,0,60,0,60,low_activity,10,0,10,722,31,753
1769050296,35,63,0,10,0,10,low_activity,0,10,0,10,low_activity,0,60,0,60,low_activity,0,0,0,722,31,753
1769050297,35,63,0,10,0,10,low_activity,0,10,0,10,low_activity,0,60,0,60,low_activity,0,0,0,672,31,703
1769050298,35,63,0,0,0,0,no_volume,0,10,0,10,low_activity,0,60,0,60,low_activity,0,0,0,621,31,652
1769050299,35,63,0,0,0,0,no_volume,0,10,0,10,low_activity,0,60,0,60,low_activity,0,0,0,621,31,652
1769050300,35,63,0,0,0,0,no_volume,0,0,0,0,no_volume,0,60,0,60,low_activity,0,0,0,621,31,652
1769050301,35,63,0,0,0,0,no_volume,0,0,0,0,no_volume,0,60,0,60,low_activity,0,0,0,596,31,627
1769050302,35,63,0,0,0,0,no_volume,0,0,0,0,no_volume,0,60,0,60,low_activity,0,0,0,596,31,627
1769050303,35,63,0,0,0,0,no_volume,0,0,0,0,no_volume,0,60,0,60,low_activity,0,0,0,596,31,627
1769050304,35,63,0,0,0,0,no_volume,0,0,0,0,no_volume,0,60,0,60,low_activity,0,0,0,596,31,627
1769050305,35,63,0,0,0,0,no_volume,0,0,0,0,no_volume,0,60,0,60,low_activity,0,0,0,596,31,627
1769050306,35,63,0,0,0,0,no_volume,0,0,0,0,no_volume,0,60,0,60,low_activity,0,0,0,84,0,84
1769050307,35,63,0,0,0,0,no_volume,0,0,0,0,no_volume,0,35,0,35,low_activity,0,0,0,84,0,84
1769050308,35,63,0,0,0,0,no_volume,0,0,0,0,no_volume,0,35,0,35,low_activity,0,0,0,84,0,84
1769050309,35,63,0,0,0,0,no_volume,0,0,0,0,no_volume,0,35,0,35,low_activity,0,0,0,84,0,84
1769050310,35,63,0,0,0,0,no_volume,0,0,0,0,no_volume,0,35,0,35,low_activity,0,0,0,84,0,84
1769050311,35,63,0,0,0,0,no_volume,0,0,0,0,no_volume,0,35,0,35,low_activity,0,0,0,84,0,84
1769050312,35,63,0,0,0,0,no_volume,0,0,0,0,no_volume,0,35,0,35,low_activity,0,0,0,84,0,84
1769050313,35,63,0,25,0,25,low_activity,0,25,0,25,low_activity,0,60,0,60,low_activity,25,0,25,109,0,109
1769050314,35,63,0,25,0,25,low_activity,0,25,0,25,low_activity,0,60,0,60,low_activity,0,0,0,102,0,102
1769050315,35,63,0,25,0,25,low_activity,0,25,0,25,low_activity,0,60,0,60,low_activity,0,0,0,102,0,102
1769050316,35,63,0,0,0,0,no_volume,0,25,0,25,low_activity,0,35,0,35,low_activity,0,0,0,102,0,102
1769050317,35,63,0,0,0,0,no_volume,0,25,0,25,low_activity,0,35,0,35,low_activity,0,0,0,102,0,102
1769050318,35,63,0,0,0,0,no_volume,0,0,0,0,no_volume,0,35,0,35,low_activity,0,0,0,102,0,102
1769050319,35,63,0,0,0,0,no_volume,0,0,0,0,no_volume,0,35,0,35,low_activity,0,0,0,102,0,102
1769050320,35,63,0,0,0,0,no_volume,0,0,0,0,no_volume,0,35,0,35,low_activity,0,0,0,102,0,102
1769050321,35,63,0,0,0,0,no_volume,0,0,0,0,no_volume,0,35,0,35,low_activity,0,0,0,102,0,102
1769050322,35,63,0,25,0,25,low_activity,0,25,0,25,low_activity,0,60,0,60,low_activity,25,0,25,127,0,127
1769050323,35,63,0,25,0,25,low_activity,0,25,0,25,low_activity,0,60,0,60,low_activity,0,0,0,127,0,127
1769050324,35,63,0,25,0,25,low_activity,0,25,0,25,low_activity,0,60,0,60,low_activity,0,0,0,127,0,127
1769050325,35,63,0,0,0,0,no_volume,0,25,0,25,low_activity,0,50,0,50,low_activity,0,0,0,127,0,127
1769050326,35,63,0,0,0,0,no_volume,0,25,0,25,low_activity,0,50,0,50,low_activity,0,0,0,127,0,127
1769050327,35,63,0,0,0,0,no_volume,0,0,0,0,no_volume,0,50,0,50,low_activity,0,0,0,127,0,127
1769050328,35,63,0,0,0,0,no_volume,0,0,0,0,no_volume,0,50,0,50,low_activity,0,0,0,127,0,127
1769050329,35,63,0,0,0,0,no_volume,0,0,0,0,no_volume,0,50,0,50,low_activity,0,0,0,127,0,127
1769050330,35,63,0,0,0,0,no_volume,0,0,0,0,no_volume,0,50,0,50,low_activity,0,0,0,127,0,127
1769050331,35,63,0,0,0,0,no_volume,0,0,0,0,no_volume,0,50,0,50,low_activity,0,0,0,127,0,127
1769050332,35,63,0,0,0,0,no_volume,0,0,0,0,no_volume,0,50,0,50,low_activity,0,0,0,127,0,127
1769050333,35,63,0,0,0,0,no_volume,0,0,0,0,no_volume,0,50,0,50,low_activity,0,0,0,127,0,127
1769050334,35,63,0,0,0,0,no_volume,0,0,0,0,no_volume,0,50,0,50,low_activity,0,0,0,127,0,127
1769050335,35,63,0,800,0,800,low_activity,0,800,0,800,low_activity,1.0,850,0,850,ok_volume,800,0,800,927,0,927
1769050336,35,63,0,827,0,827,low_activity,0,827,0,827,low_activity,1.0,877,0,877,ok_volume,27,0,27,947,0,947
1769050337,35,63,1.0,1577,0,1577,ok_volume,1.0,1577,0,1577,ok_volume,1.0,1627,0,1627,ok_volume,750,0,750,1672,0,1672
1769050338,35,63,0,777,0,777,low_activity,1.0,1577,0,1577,ok_volume,1.0,1627,0,1627,ok_volume,0,0,0,1672,0,1672
1769050339,35,63,0,750,0,750,low_activity,1.0,1577,0,1577,ok_volume,1.0,1627,0,1627,ok_volume,0,0,0,1672,0,1672
1769050340,35,63,0,0,0,0,no_volume,0,777,0,777,low_activity,1.0,1627,0,1627,ok_volume,0,0,0,1672,0,1672
1769050341,35,63,0,0,0,0,no_volume,0,750,0,750,low_activity,1.0,1627,0,1627,ok_volume,0,0,0,1672,0,1672
1769050342,35,63,0,0,0,0,no_volume,0,0,0,0,no_volume,1.0,1627,0,1627,ok_volume,0,0,0,1672,0,1672
1769050343,35,63,0,25,0,25,low_activity,0,25,0,25,low_activity,1.0,1627,0,1627,ok_volume,25,0,25,1697,0,1697
1769050344,35,63,0,25,0,25,low_activity,0,25,0,25,low_activity,1.0,1627,0,1627,ok_volume,0,0,0,1692,0,1692
1769050345,35,63,0,25,0,25,low_activity,0,25,0,25,low_activity,1.0,1627,0,1627,ok_volume,0,0,0,1692,0,1692
1769050346,35,63,0,0,0,0,no_volume,0,25,0,25,low_activity,1.0,1627,0,1627,ok_volume,0,0,0,1667,0,1667
1769050347,35,63,0,0,0,0,no_volume,0,25,0,25,low_activity,1.0,1627,0,1627,ok_volume,0,0,0,1667,0,1667
1769050348,35,63,0,0,0,0,low_activity,0,0,0,0,low_activity,1.0,1627,0,1627,ok_volume,2,0,2,1669,0,1669
1769050349,35,63,0,0,0,0,low_activity,0,0,0,0,low_activity,1.0,1627,0,1627,ok_volume,0,0,0,1669,0,1669
1769050350,35,63,0,0,0,0,low_activity,0,0,0,0,low_activity,1.0,1627,0,1627,ok_volume,0,0,0,1669,0,1669
1769050351,35,63,0,0,0,0,no_volume,0,0,0,0,low_activity,1.0,1627,0,1627,ok_volume,0,0,0,1664,0,1664
1769050352,35,63,0,129,0,129,low_activity,0,129,0,129,low_activity,1.0,1731,0,1731,ok_volume,129,0,129,1793,0,1793
1769050353,35,63,0,662,0,662,low_activity,0,662,0,662,low_activity,1.0,2264,0,2264,ok_volume,533,0,533,2326,0,2326
1769050354,35,63,0,662,0,662,low_activity,0,662,0,662,low_activity,1.0,2264,0,2264,ok_volume,0,0,0,2326,0,2326
1769050355,35,63,0,533,0,533,low_activity,0,662,0,662,low_activity,1.0,2264,0,2264,ok_volume,0,0,0,2316,0,2316
1769050356,35,63,0,0,0,0,no_volume,0,662,0,662,low_activity,1.0,2264,0,2264,ok_volume,0,0,0,2316,0,2316
1769050357,35,63,0,0,0,0,no_volume,0,533,0,533,low_activity,1.0,2264,0,2264,ok_volume,0,0,0,2316,0,2316
1769050358,36,63,0,0,0,0,no_volume,0,0,0,0,no_volume,1.0,2264,0,2264,ok_volume,0,0,0,2316,0,2316
1769050359,36,63,0,0,0,0,no_volume,0,0,0,0,no_volume,1.0,2264,0,2264,ok_volume,0,0,0,2316,0,2316
1769050360,36,63,0,0,0,0,no_volume,0,0,0,0,no_volume,1.0,2264,0,2264,ok_volume,0,0,0,2316,0,2316
1769050361,36,63,0,0,0,0,no_volume,0,0,0,0,no_volume,1.0,2264,0,2264,ok_volume,0,0,0,2316,0,2316
1769050362,36,63,0,12,0,12,low_activity,0,12,0,12,low_activity,1.0,2276,0,2276,ok_volume,12,0,12,2328,0,2328
1769050363,36,63,0,12,0,12,low_activity,0,12,0,12,low_activity,1.0,2276,0,2276,ok_volume,0,0,0,2328,0,2328
1769050364,36,63,0,12,0,12,low_activity,0,12,0,12,low_activity,1.0,2276,0,2276,ok_volume,0,0,0,2328,0,2328
1769050365,36,63,0,250,0,250,low_activity,0,262,0,262,low_activity,1.0,1726,0,1726,ok_volume,250,0,250,2578,0,2578
1769050366,36,63,0,250,0,250,low_activity,0,262,0,262,low_activity,1.0,1699,0,1699,ok_volume,0,0,0,2578,0,2578
1769050367,36,63,0,250,0,250,low_activity,0,250,0,250,low_activity,1.0,949,0,949,ok_volume,0,0,0,2578,0,2578
1769050368,36,63,0,129,0,129,low_activity,0,379,0,379,low_activity,1.0,1078,0,1078,ok_volume,129,0,129,2707,0,2707
1769050369,36,63,0,129,0,129,low_activity,0,379,0,379,low_activity,1.0,1078,0,1078,ok_volume,0,0,0,2707,0,2707
1769050370,36,63,0,504,0,504,low_activity,0,504,0,504,low_activity,1.0,1453,0,1453,ok_volume,375,0,375,3082,0,3082
1769050371,36,63,0,375,0,375,low_activity,0,504,0,504,low_activity,1.0,1453,0,1453,ok_volume,0,0,0,3082,0,3082
1769050372,36,63,0,375,0,375,low_activity,0,504,0,504,low_activity,1.0,1453,0,1453,ok_volume,0,0,0,3082,0,3082
1769050373,36,63,0,51,0,51,low_activity,0,426,0,426,low_activity,1.0,1479,0,1479,ok_volume,51,0,51,3108,0,3108
1769050374,36,63,0,51,0,51,low_activity,0,426,0,426,low_activity,1.0,1479,0,1479,ok_volume,0,0,0,3108,0,3108
1769050375,36,63,0,51,0,51,low_activity,0,51,0,51,low_activity,1.0,1479,0,1479,ok_volume,0,0,0,3108,0,3108
1769050376,36,63,0,0,0,0,no_volume,0,51,0,51,low_activity,1.0,1479,0,1479,ok_volume,0,0,0,3108,0,3108
1769050377,36,63,0,0,0,0,no_volume,0,51,0,51,low_activity,1.0,1479,0,1479,ok_volume,0,0,0,3108,0,3108
1769050378,36,63,0,0,0,0,no_volume,0,0,0,0,no_volume,1.0,1479,0,1479,ok_volume,0,0,0,3108,0,3108
1769050379,36,63,0,0,0,0,no_volume,0,0,0,0,no_volume,1.0,1479,0,1479,ok_volume,0,0,0,3108,0,3108
1769050380,36,63,0,0,0,0,no_volume,0,0,0,0,no_volume,1.0,1479,0,1479,ok_volume,0,0,0,3108,0,3108
1769050381,36,63,0,0,0,0,no_volume,0,0,0,0,no_volume,1.0,1479,0,1479,ok_volume,0,0,0,3108,0,3108
1769050382,36,63,0,0,0,0,no_volume,0,0,0,0,no_volume,1.0,1350,0,1350,ok_volume,0,0,0,3083,0,3083
1769050383,36,63,0,0,0,0,no_volume,0,0,0,0,no_volume,1.0,817,0,817,ok_volume,0,0,0,3083,0,3083
1769050384,36,63,0,0,0,0,no_volume,0,0,0,0,no_volume,1.0,817,0,817,ok_volume,0,0,0,3083,0,3083
1769050385,36,63,0,0,0,0,no_volume,0,0,0,0,no_volume,1.0,817,0,817,ok_volume,0,0,0,3083,0,3083
1769050386,36,63,0,0,0,0,no_volume,0,0,0,0,no_volume,1.0,817,0,817,ok_volume,0,0,0,3083,0,3083
1769050387,36,63,0,0,0,0,no_volume,0,0,0,0,no_volume,1.0,817,0,817,ok_volume,0,0,0,3083,0,3083
1769050388,36,63,0,0,0,0,no_volume,0,0,0,0,no_volume,1.0,817,0,817,ok_volume,0,0,0,3083,0,3083
1769050389,36,63,0,0,0,0,no_volume,0,0,0,0,no_volume,1.0,817,0,817,ok_volume,0,0,0,3083,0,3083
1769050390,36,63,0,0,0,0,no_volume,0,0,0,0,no_volume,1.0,817,0,817,ok_volume,0,0,0,3083,0,3083
1769050391,36,63,0,0,0,0,no_volume,0,0,0,0,no_volume,1.0,817,0,817,ok_volume,0,0,0,3083,0,3083
1769050392,36,63,0,0,0,0,low_activity,0,0,0,0,low_activity,1.0,805,0,805,ok_volume,3,0,3,3086,0,3086
1769050393,36,63,0,0,0,0,low_activity,0,0,0,0,low_activity,1.0,805,0,805,ok_volume,0,0,0,3086,0,3086
1769050394,36,63,0,1282,0,1282,low_activity,0,1282,0,1282,low_activity,1.0,2087,0,2087,ok_volume,1282,0,1282,4368,0,4368
1769050395,36,63,0,1282,0,1282,low_activity,0,1282,0,1282,low_activity,0,1837,0,1837,low_activity,0,0,0,3568,0,3568
1769050396,36,63,0,1282,0,1282,low_activity,0,1282,0,1282,low_activity,0,1837,0,1837,low_activity,0,0,0,3541,0,3541
1769050397,36,63,0,0,0,0,no_volume,0,1282,0,1282,low_activity,0,1837,0,1837,low_activity,0,0,0,2791,0,2791
1769050398,36,63,0,0,0,0,no_volume,0,1282,0,1282,low_activity,0,1708,0,1708,low_activity,0,0,0,2791,0,2791
1769050399,36,63,0,24,0,24,low_activity,0,24,0,24,low_activity,1.0,1732,0,1732,ok_volume,24,0,24,2815,0,2815
1769050400,36,63,0,24,0,24,low_activity,0,24,0,24,low_activity,0,1357,0,1357,low_activity,0,0,0,2815,0,2815
1769050401,36,63,0,76,0,76,low_activity,0,76,0,76,low_activity,1.0,1409,0,1409,ok_volume,52,0,52,2867,0,2867
1769050402,36,63,0,52,0,52,low_activity,0,76,0,76,low_activity,1.0,1409,0,1409,ok_volume,0,0,0,2867,0,2867
1769050403,36,63,0,52,0,52,low_activity,0,76,0,76,low_activity,0,1358,0,1358,low_activity,0,0,0,2842,0,2842
1769050404,36,63,0,0,0,0,no_volume,0,52,0,52,low_activity,0,1358,0,1358,low_activity,0,0,0,2842,0,2842
1769050405,36,63,0,0,0,0,no_volume,0,52,0,52,low_activity,0,1358,0,1358,low_activity,0,0,0,2842,0,2842
1769050406,36,63,0,0,0,0,no_volume,0,0,0,0,no_volume,0,1358,0,1358,low_activity,0,0,0,2842,0,2842
1769050407,36,63,0,0,0,0,no_volume,0,0,0,0,no_volume,0,1358,0,1358,low_activity,0,0,0,2842,0,2842
1769050408,36,63,0,0,0,0,no_volume,0,0,0,0,no_volume,0,1358,0,1358,low_activity,0,0,0,2840,0,2840
1769050409,36,63,0,0,0,0,no_volume,0,0,0,0,no_volume,0,1358,0,1358,low_activity,0,0,0,2840,0,2840
1769050410,36,63,0,0,0,0,no_volume,0,0,0,0,no_volume,0,1358,0,1358,low_activity,0,0,0,2840,0,2840
1769050411,36,63,0,0,0,0,no_volume,0,0,0,0,no_volume,0,1358,0,1358,low_activity,0,0,0,2840,0,2840
1769050412,36,63,0,0,0,0,no_volume,0,0,0,0,no_volume,0,1358,0,1358,low_activity,0,0,0,2711,0,2711
1769050413,36,63,0,0,0,0,no_volume,0,0,0,0,no_volume,0,1358,0,1358,low_activity,0,0,0,2178,0,2178
1769050414,36,63,0,0,0,0,no_volume,0,0,0,0,no_volume,0,1358,0,1358,low_activity,0,0,0,2178,0,2178
1769050415,36,63,0,0,0,0,no_volume,0,0,0,0,no_volume,0,1358,0,1358,low_activity,0,0,0,2178,0,2178
1769050416,36,63,0,51,0,51,low_activity,0,51,0,51,low_activity,1.0,1409,0,1409,ok_volume,51,0,51,2229,0,2229
1769050417,36,63,0,51,0,51,low_activity,0,51,0,51,low_activity,1.0,1409,0,1409,ok_volume,0,0,0,2229,0,2229
1769050418,36,63,0,51,0,51,low_activity,0,51,0,51,low_activity,1.0,1409,0,1409,ok_volume,0,0,0,2229,0,2229
1769050419,36,63,0,0,0,0,no_volume,0,51,0,51,low_activity,1.0,1409,0,1409,ok_volume,0,0,0,2229,0,2229
1769050420,36,63,0,0,0,0,no_volume,0,51,0,51,low_activity,1.0,1409,0,1409,ok_volume,0,0,0,2229,0,2229
1769050421,36,63,0,0,0,0,no_volume,0,0,0,0,no_volume,1.0,1409,0,1409,ok_volume,0,0,0,2229,0,2229
1769050422,36,63,0,0,0,0,no_volume,0,0,0,0,no_volume,1.0,1409,0,1409,ok_volume,0,0,0,2217,0,2217
1769050423,36,63,0,50,0,50,low_activity,0,50,0,50,low_activity,1.0,1459,0,1459,ok_volume,0,0,0,2267,0,2267
1769050424,36,63,0,50,0,50,low_activity,0,50,0,50,low_activity,0,177,0,177,low_total_volume,0,0,0,2267,0,2267
1769050425,36,63,0,0,0,0,no_volume,0,50,0,50,low_activity,0,177,0,177,low_total_volume,0,0,0,2017,0,2017
1769050426,36,63,0,0,0,0,no_volume,0,50,0,50,low_activity,0,177,0,177,low_total_volume,0,0,0,2017,0,2017
1769050427,36,63,0,0,0,0,no_volume,0,0,0,0,no_volume,0,177,0,177,low_total_volume,0,0,0,2017,0,2017
1769050428,36,63,0,0,0,0,no_volume,0,0,0,0,no_volume,0,177,0,177,low_total_volume,0,0,0,1888,0,1888
1769050429,36,63,0,50,0,50,low_activity,0,50,0,50,low_activity,0,203,0,203,low_activity,50,0,50,1938,0,1938
1769050430,36,63,0,50,0,50,low_activity,0,50,0,50,low_activity,0,203,0,203,low_activity,0,0,0,1563,0,1563
1769050431,36,63,0,50,0,50,low_activity,0,50,0,50,low_activity,0,151,0,151,low_activity,0,0,0,1563,0,1563
1769050432,36,63,0,0,0,0,no_volume,0,50,0,50,low_activity,0,151,0,151,low_activity,0,0,0,1563,0,1563
1769050433,36,63,0,0,0,0,no_volume,0,50,0,50,low_activity,0,151,0,151,low_activity,0,0,0,1512,0,1512
1769050434,36,63,0,0,0,0,no_volume,0,0,0,0,no_volume,0,151,0,151,low_activity,0,0,0,1512,0,1512
1769050435,36,63,0,0,0,0,no_volume,0,0,0,0,no_volume,0,151,0,151,low_activity,0,0,0,1512,0,1512
1769050436,36,63,0,0,0,0,no_volume,0,0,0,0,no_volume,0,151,0,151,low_activity,0,0,0,1512,0,1512
1769050437,36,63,0,13,0,13,low_activity,0,13,0,13,low_activity,0,164,0,164,low_activity,13,0,13,1525,0,1525
1769050438,36,63,0,38,0,38,low_activity,0,38,0,38,low_activity,0,189,0,189,low_total_volume,25,0,25,1550,0,1550
1769050439,36,63,0,38,0,38,low_activity,0,38,0,38,low_activity,0,189,0,189,low_total_volume,0,0,0,1550,0,1550
1769050440,36,63,0,25,0,25,low_activity,0,38,0,38,low_activity,0,189,0,189,low_total_volume,0,0,0,1550,0,1550
1769050441,36,63,0,0,0,0,no_volume,0,38,0,38,low_activity,0,189,0,189,low_total_volume,0,0,0,1550,0,1550
1769050442,36,63,0,0,0,0,no_volume,0,25,0,25,low_activity,0,189,0,189,low_total_volume,0,0,0,1550,0,1550
1769050443,36,63,0,0,15,15,low_activity,0,0,15,15,low_activity,0,189,15,204,low_total_volume,0,15,15,1550,15,1565
1769050444,36,63,0,25,15,40,low_activity,0,25,15,40,low_activity,0,214,15,229,low_total_volume,25,0,25,1575,15,1590
1769050445,36,63,0,25,15,40,low_activity,0,25,15,40,low_activity,0,214,15,229,low_total_volume,0,0,0,1575,15,1590
1769050446,36,63,0,37,0,37,low_activity,0,37,15,52,low_activity,0,175,15,190,low_total_volume,12,0,12,1587,15,1602
1769050447,36,63,0,12,0,12,low_activity,0,37,15,52,low_activity,0,175,15,190,low_total_volume,0,0,0,1587,15,1602
1769050448,36,63,0,12,0,12,low_activity,0,37,0,37,low_activity,0,175,15,190,low_total_volume,0,0,0,1587,15,1602
1769050449,36,63,0,0,0,0,no_volume,0,12,0,12,low_activity,0,175,15,190,low_total_volume,0,0,0,1587,15,1602
1769050450,36,63,0,0,0,0,no_volume,0,12,0,12,low_activity,0,175,15,190,low_total_volume,0,0,0,1587,15,1602
1769050451,36,63,0,0,0,0,no_volume,0,0,0,0,no_volume,0,175,15,190,low_total_volume,0,0,0,1587,15,1602
1769050452,36,63,0,0,0,0,no_volume,0,0,0,0,no_volume,0,125,15,140,low_total_volume,0,0,0,1584,15,1599
1769050453,36,63,0,0,0,0,no_volume,0,0,0,0,no_volume,0,125,15,140,low_total_volume,0,0,0,1584,15,1599
1769050454,36,63,0,0,0,0,no_volume,0,0,0,0,no_volume,0,125,15,140,low_total_volume,0,0,0,302,15,317
1769050455,36,63,0,0,0,0,no_volume,0,0,0,0,no_volume,0,125,15,140,low_total_volume,0,0,0,302,15,317
1769050456,36,63,0,0,0,0,no_volume,0,0,0,0,no_volume,0,125,15,140,low_total_volume,0,0,0,302,15,317
1769050457,36,63,0,4102,0,4102,low_activity,0,4102,0,4102,low_activity,0.993,4227,15,4242,ok_volume,4102,0,4102,4404,15,4419
1769050458,36,63,0,4102,0,4102,low_activity,0,4102,0,4102,low_activity,0.993,4227,15,4242,ok_volume,0,0,0,4404,15,4419
1769050459,36,63,0,4102,0,4102,low_activity,0,4102,0,4102,low_activity,0.993,4177,15,4192,ok_volume,0,0,0,4380,15,4395
1769050460,36,63,0,0,0,0,no_volume,0,4102,0,4102,low_activity,0.993,4177,15,4192,ok_volume,0,0,0,4380,15,4395
1769050461,36,63,0,0,0,0,no_volume,0,4102,0,4102,low_activity,0.993,4177,15,4192,ok_volume,0,0,0,4328,15,4343
1769050462,36,63,0,0,0,0,no_volume,0,0,0,0,no_volume,0.993,4177,15,4192,ok_volume,0,0,0,4328,15,4343
1769050463,36,63,0,0,0,0,no_volume,0,0,0,0,no_volume,0.993,4177,15,4192,ok_volume,0,0,0,4328,15,4343
1769050464,36,63,0,0,0,0,low_activity,0,0,0,0,low_activity,0.993,4177,15,4192,ok_volume,5,0,5,4333,15,4348
1769050465,36,63,0,0,0,0,low_activity,0,0,0,0,low_activity,0.993,4177,15,4192,ok_volume,0,0,0,4333,15,4348
1769050466,36,63,0,0,0,0,low_activity,0,0,0,0,low_activity,0.993,4177,15,4192,ok_volume,0,0,0,4333,15,4348
1769050467,36,63,0,0,0,0,no_volume,0,0,0,0,low_activity,0.993,4164,15,4179,ok_volume,0,0,0,4333,15,4348
1769050468,36,63,0,0,0,0,no_volume,0,0,0,0,low_activity,0,4139,15,4154,low_activity,0,0,0,4333,15,4348
1769050469,36,63,0,0,0,0,no_volume,0,0,0,0,no_volume,0,4139,15,4154,low_activity,0,0,0,4333,15,4348
1769050470,36,63,0,0,0,0,no_volume,0,0,0,0,no_volume,0,4139,15,4154,low_activity,0,0,0,4333,15,4348
1769050471,36,63,0,1074,0,1074,low_activity,0,1074,0,1074,low_activity,0.994,5213,15,5228,ok_volume,1074,0,1074,5407,15,5422
1769050472,36,63,0,1074,0,1074,low_activity,0,1074,0,1074,low_activity,0.994,5213,15,5228,ok_volume,0,0,0,5407,15,5422
1769050473,36,63,0,1074,0,1074,low_activity,0,1074,0,1074,low_activity,0,5213,0,5213,low_activity,0,0,0,5407,15,5422
1769050474,36,63,0,0,0,0,no_volume,0,1074,0,1074,low_activity,0,5188,0,5188,low_activity,0,0,0,5407,15,5422
1769050475,36,63,0,0,0,0,no_volume,0,1074,0,1074,low_activity,0,5188,0,5188,low_activity,0,0,0,5407,15,5422
1769050476,36,63,0,0,0,0,no_volume,0,0,0,0,no_volume,0,5176,0,5176,low_activity,0,0,0,5356,15,5371
1769050477,36,63,0,0,0,0,no_volume,0,0,0,0,no_volume,0,5176,0,5176,low_activity,0,0,0,5356,15,5371
1769050478,36,63,0,0,0,0,no_volume,0,0,0,0,no_volume,0,5176,0,5176,low_activity,0,0,0,5356,15,5371
1769050479,36,63,0,0,0,0,no_volume,0,0,0,0,no_volume,0,5176,0,5176,low_activity,0,0,0,5356,15,5371
1769050480,36,63,0,0,0,0,no_volume,0,0,0,0,no_volume,0,5176,0,5176,low_activity,0,0,0,5356,15,5371
1769050481,36,63,0,0,0,0,no_volume,0,0,0,0,no_volume,0,5176,0,5176,low_activity,0,0,0,5356,15,5371
1769050482,36,63,0,0,0,0,no_volume,0,0,0,0,no_volume,0,5176,0,5176,low_activity,0,0,0,5306,15,5321
1769050483,36,63,0,0,0,0,no_volume,0,0,0,0,no_volume,0,5176,0,5176,low_activity,0,0,0,5306,15,5321
1769050484,36,63,0,0,0,0,no_volume,0,0,0,0,no_volume,0,5176,0,5176,low_activity,0,0,0,5306,15,5321
1769050485,36,63,0,0,0,0,no_volume,0,0,0,0,no_volume,0,5176,0,5176,low_activity,0,0,0,5306,15,5321
1769050486,36,63,0,0,0,0,no_volume,0,0,0,0,no_volume,0,5176,0,5176,low_activity,0,0,0,5306,15,5321
1769050487,36,63,0,0,0,0,no_volume,0,0,0,0,no_volume,0,1074,0,1074,low_activity,0,0,0,5306,15,5321
1769050488,36,63,0,0,0,0,no_volume,0,0,0,0,no_volume,0,1074,0,1074,low_activity,0,0,0,5306,15,5321
1769050489,36,63,0,0,0,0,no_volume,0,0,0,0,no_volume,0,1074,0,1074,low_activity,0,0,0,5256,15,5271
1769050490,36,63,0,0,0,0,no_volume,0,0,0,0,no_volume,0,1074,0,1074,low_activity,0,0,0,5256,15,5271
1769050491,36,63,0,0,0,0,no_volume,0,0,0,0,no_volume,0,1074,0,1074,low_activity,0,0,0,5256,15,5271
1769050492,36,63,0,0,0,0,no_volume,0,0,0,0,no_volume,0,1074,0,1074,low_activity,0,0,0,5256,15,5271
1769050493,36,63,0,0,0,0,no_volume,0,0,0,0,no_volume,0,1074,0,1074,low_activity,0,0,0,5256,15,5271
1769050494,36,63,0,25,0,25,low_activity,0,25,0,25,low_activity,0,1099,0,1099,low_activity,25,0,25,5281,15,5296
1769050495,36,63,0,25,0,25,low_activity,0,25,0,25,low_activity,0,1099,0,1099,low_activity,0,0,0,5281,15,5296
1769050496,36,63,0,25,0,25,low_activity,0,25,0,25,low_activity,0,1099,0,1099,low_activity,0,0,0,5281,15,5296
1769050497,36,63,0,0,0,0,no_volume,0,25,0,25,low_activity,0,1099,0,1099,low_activity,0,0,0,5268,15,5283
1769050498,36,63,0,0,0,0,no_volume,0,25,0,25,low_activity,0,1099,0,1099,low_activity,0,0,0,5243,15,5258
1769050499,36,63,0,0,0,0,no_volume,0,0,0,0,no_volume,0,1099,0,1099,low_activity,0,0,0,5243,15,5258
1769050500,36,63,0,0,0,0,no_volume,0,0,0,0,no_volume,0,1099,0,1099,low_activity,0,0,0,5243,15,5258
1769050501,36,63,0,0,0,0,no_volume,0,0,0,0,no_volume,0,25,0,25,low_activity,0,0,0,5243,15,5258
1769050502,36,63,0,0,0,0,no_volume,0,0,0,0,no_volume,0,25,0,25,low_activity,0,0,0,5243,15,5258
1769050503,36,63,0,0,0,0,no_volume,0,0,0,0,no_volume,0,25,0,25,low_activity,0,0,0,5243,0,5243
1769050504,36,63,0,0,0,0,no_volume,0,0,0,0,no_volume,0,25,0,25,low_activity,0,0,0,5218,0,5218
1769050505,36,63,0,0,0,0,no_volume,0,0,0,0,no_volume,0,25,0,25,low_activity,0,0,0,5218,0,5218
1769050506,36,63,0,0,0,0,no_volume,0,0,0,0,no_volume,0,25,0,25,low_activity,0,0,0,5206,0,5206
1769050507,36,63,0,0,0,0,no_volume,0,0,0,0,no_volume,0,25,0,25,low_activity,0,0,0,5206,0,5206
1769050508,36,63,0,0,0,0,no_volume,0,0,0,0,no_volume,0,25,0,25,low_activity,0,0,0,5206,0,5206
1769050509,36,63,0,0,0,0,no_volume,0,0,0,0,no_volume,0,25,0,25,low_activity,0,0,0,5206,0,5206
1769050510,36,63,0,0,0,0,no_volume,0,0,0,0,no_volume,0,25,0,25,low_activity,0,0,0,5206,0,5206
1769050511,36,63,0,0,0,0,no_volume,0,0,0,0,no_volume,0,25,0,25,low_activity,0,0,0,5206,0,5206
1769050512,36,63,0,0,0,0,no_volume,0,0,0,0,no_volume,0,25,0,25,low_activity,0,0,0,5206,0,5206
1769050513,36,63,0,0,0,0,no_volume,0,0,0,0,no_volume,0,25,0,25,low_activity,0,0,0,5206,0,5206
1769050514,36,63,0,0,0,0,no_volume,0,0,0,0,no_volume,0,25,0,25,low_activity,0,0,0,5206,0,5206
1769050515,36,63,0,25,0,25,low_activity,0,25,0,25,low_activity,0,50,0,50,low_activity,25,0,25,5231,0,5231
1769050516,36,63,0,25,0,25,low_activity,0,25,0,25,low_activity,0,50,0,50,low_activity,0,0,0,5231,0,5231
1769050517,36,63,0,25,0,25,low_activity,0,25,0,25,low_activity,0,50,0,50,low_activity,0,0,0,1129,0,1129
1769050518,36,63,0,0,0,0,no_volume,0,25,0,25,low_activity,0,50,0,50,low_activity,0,0,0,1129,0,1129
1769050519,36,63,0,0,0,0,no_volume,0,25,0,25,low_activity,0,50,0,50,low_activity,0,0,0,1129,0,1129
1769050520,36,63,0,0,0,0,no_volume,0,0,0,0,no_volume,0,50,0,50,low_activity,0,0,0,1129,0,1129
1769050521,36,63,0,0,0,0,no_volume,0,0,0,0,no_volume,0,50,0,50,low_activity,0,0,0,1129,0,1129
1769050522,36,63,0,0,0,0,no_volume,0,0,0,0,no_volume,0,50,0,50,low_activity,0,0,0,1129,0,1129
1769050523,36,63,0,0,0,0,no_volume,0,0,0,0,no_volume,0,50,0,50,low_activity,0,0,0,1129,0,1129
1769050524,36,63,0,0,0,0,no_volume,0,0,0,0,no_volume,0,25,0,25,low_activity,0,0,0,1124,0,1124
1769050525,36,63,0,0,0,0,no_volume,0,0,0,0,no_volume,0,25,0,25,low_activity,0,0,0,1124,0,1124
1769050526,36,63,0,0,0,0,no_volume,0,0,0,0,no_volume,0,25,0,25,low_activity,0,0,0,1124,0,1124
1769050527,36,63,0,0,0,0,no_volume,0,0,0,0,no_volume,0,25,0,25,low_activity,0,0,0,1124,0,1124
1769050528,36,63,0,0,0,0,no_volume,0,0,0,0,no_volume,0,25,0,25,low_activity,0,0,0,1124,0,1124
1769050529,36,63,0,0,0,0,no_volume,0,0,0,0,no_volume,0,25,0,25,low_activity,0,0,0,1124,0,1124
1769050530,36,63,0,0,0,0,no_volume,0,0,0,0,no_volume,0,25,0,25,low_activity,0,0,0,1124,0,1124
1769050531,36,63,0,0,0,0,no_volume,0,0,0,0,no_volume,0,25,0,25,low_activity,0,0,0,50,0,50
1769050532,36,63,0,0,0,0,no_volume,0,0,0,0,no_volume,0,25,0,25,low_activity,0,0,0,50,0,50
1769050533,36,63,0,0,0,0,no_volume,0,0,0,0,no_volume,0,25,0,25,low_activity,0,0,0,50,0,50
1769050534,36,63,0,0,0,0,no_volume,0,0,0,0,no_volume,0,25,0,25,low_activity,0,0,0,50,0,50
1769050535,36,63,0,0,0,0,no_volume,0,0,0,0,no_volume,0,25,0,25,low_activity,0,0,0,50,0,50
1769050536,36,63,0,0,0,0,no_volume,0,0,0,0,no_volume,0,25,0,25,low_activity,0,0,0,50,0,50
1769050537,36,63,0,0,0,0,no_volume,0,0,0,0,no_volume,0,25,0,25,low_activity,0,0,0,50,0,50
1769050538,36,63,0,0,0,0,no_volume,0,0,0,0,no_volume,0,25,0,25,low_activity,0,0,0,50,0,50
1769050539,36,63,0,0,0,0,no_volume,0,0,0,0,no_volume,0,25,0,25,low_activity,0,0,0,50,0,50
1769050540,36,63,0,0,0,0,no_volume,0,0,0,0,no_volume,0,25,0,25,low_activity,0,0,0,50,0,50
1769050541,36,63,0,0,0,0,no_volume,0,0,0,0,no_volume,0,25,0,25,low_activity,0,0,0,50,0,50
1769050542,36,63,0,0,0,0,no_volume,0,0,0,0,no_volume,0,25,0,25,low_activity,0,0,0,50,0,50
1769050543,36,63,0,0,0,0,no_volume,0,0,0,0,no_volume,0,25,0,25,low_activity,0,0,0,50,0,50
1769050544,36,63,0,0,0,0,no_volume,0,0,0,0,no_volume,0,25,0,25,low_activity,0,0,0,50,0,50
1769050545,36,63,0,0,0,0,no_volume,0,0,0,0,no_volume,0,0,0,0,no_volume,0,0,0,50,0,50
1769050546,36,63,0,0,0,0,no_volume,0,0,0,0,no_volume,0,0,0,0,no_volume,0,0,0,50,0,50
1769050547,36,63,0,51,0,51,low_activity,0,51,0,51,low_activity,0,51,0,51,low_activity,51,0,51,101,0,101
1769050548,36,63,0,51,0,51,low_activity,0,51,0,51,low_activity,0,51,0,51,low_activity,0,0,0,101,0,101
1769050549,36,63,0,51,0,51,low_activity,0,51,0,51,low_activity,0,51,0,51,low_activity,0,0,0,101,0,101
1769050550,36,63,0,0,0,0,no_volume,0,51,0,51,low_activity,0,51,0,51,low_activity,0,0,0,101,0,101
1769050551,36,63,0,0,0,0,no_volume,0,51,0,51,low_activity,0,51,0,51,low_activity,0,0,0,101,0,101
1769050552,36,63,0,0,0,0,no_volume,0,0,0,0,no_volume,0,51,0,51,low_activity,0,0,0,101,0,101
1769050553,36,63,0,0,0,0,no_volume,0,0,0,0,no_volume,0,51,0,51,low_activity,0,0,0,101,0,101
1769050554,36,63,0,0,0,0,no_volume,0,0,0,0,no_volume,0,51,0,51,low_activity,0,0,0,76,0,76
1769050555,36,63,0,0,0,0,no_volume,0,0,0,0,no_volume,0,51,0,51,low_activity,0,0,0,76,0,76
1769050556,36,63,0,0,0,0,no_volume,0,0,0,0,no_volume,0,51,0,51,low_activity,0,0,0,76,0,76
1769050557,36,63,0,0,0,0,no_volume,0,0,0,0,no_volume,0,51,0,51,low_activity,0,0,0,76,0,76
1769050558,36,63,0,0,0,0,no_volume,0,0,0,0,no_volume,0,51,0,51,low_activity,0,0,0,76,0,76
1769050559,36,63,0,128,0,128,low_activity,0,128,0,128,low_activity,0,179,0,179,low_activity,128,0,128,204,0,204
1769050560,36,63,0,128,0,128,low_activity,0,128,0,128,low_activity,0,179,0,179,low_activity,0,0,0,204,0,204
1769050561,36,63,0,128,0,128,low_activity,0,128,0,128,low_activity,0,179,0,179,low_activity,0,0,0,204,0,204
1769050562,36,63,0,0,0,0,no_volume,0,128,0,128,low_activity,0,179,0,179,low_activity,0,0,0,204,0,204
1769050563,36,63,0,0,0,0,no_volume,0,128,0,128,low_activity,0,179,0,179,low_activity,0,0,0,204,0,204
1769050564,36,63,0,51,0,51,low_activity,0,51,0,51,low_activity,0,230,0,230,low_activity,51,0,51,255,0,255
1769050565,36,63,0,51,0,51,low_activity,0,51,0,51,low_activity,0,230,0,230,low_activity,0,0,0,255,0,255
1769050566,36,63,0,51,0,51,low_activity,0,51,0,51,low_activity,0,230,0,230,low_activity,0,0,0,255,0,255
1769050567,36,63,0,0,0,0,no_volume,0,51,0,51,low_activity,0,230,0,230,low_activity,0,0,0,255,0,255
1769050568,36,63,0,0,0,0,no_volume,0,51,0,51,low_activity,0,230,0,230,low_activity,0,0,0,255,0,255
1769050569,36,63,0,0,12,12,low_activity,0,0,12,12,low_activity,0,230,12,242,low_activity,0,12,12,255,12,267
1769050570,36,63,0,0,12,12,low_activity,0,0,12,12,low_activity,0,230,12,242,low_activity,0,0,0,255,12,267
1769050571,36,63,0,125,12,137,low_activity,0,125,12,137,low_activity,0.935,355,12,367,ok_volume,125,0,125,380,12,392
1769050572,36,63,0,125,0,125,low_activity,0,125,12,137,low_activity,0.935,355,12,367,ok_volume,0,0,0,380,12,392
1769050573,36,63,0,125,0,125,low_activity,0,125,12,137,low_activity,0.935,355,12,367,ok_volume,0,0,0,380,12,392
1769050574,36,63,0,0,0,0,no_volume,0,125,0,125,low_activity,0.935,355,12,367,ok_volume,0,0,0,380,12,392
1769050575,36,63,0,0,0,0,no_volume,0,125,0,125,low_activity,0.935,355,12,367,ok_volume,0,0,0,355,12,367
1769050576,36,63,0,0,0,0,no_volume,0,0,0,0,no_volume,0.935,355,12,367,ok_volume,0,0,0,355,12,367
1769050577,36,63,0,0,0,0,no_volume,0,0,0,0,no_volume,0,304,12,316,low_activity,0,0,0,355,12,367
1769050578,36,63,0,0,0,0,no_volume,0,0,0,0,no_volume,0,304,12,316,low_activity,0,0,0,355,12,367
1769050579,36,63,0,0,0,0,no_volume,0,0,0,0,no_volume,0,304,12,316,low_activity,0,0,0,355,12,367
1769050580,36,63,0,0,0,0,low_activity,0,0,0,0,low_activity,0,304,12,316,low_activity,6,0,6,361,12,373
1769050581,36,63,0,0,0,0,low_activity,0,0,0,0,low_activity,0,304,12,316,low_activity,0,0,0,361,12,373
1769050582,36,63,0,0,0,0,low_activity,0,0,0,0,low_activity,0,304,12,316,low_activity,0,0,0,361,12,373
1769050583,36,63,0,0,0,0,no_volume,0,0,0,0,low_activity,0,304,12,316,low_activity,0,0,0,361,12,373
1769050584,36,63,0,0,0,0,no_volume,0,0,0,0,low_activity,0,304,12,316,low_activity,0,0,0,361,12,373
1769050585,36,63,0,0,0,0,no_volume,0,0,0,0,no_volume,0,304,12,316,low_activity,0,0,0,361,12,373
1769050586,36,63,0,0,0,0,no_volume,0,0,0,0,no_volume,0,304,12,316,low_activity,0,0,0,361,12,373
1769050587,36,63,0,0,0,0,no_volume,0,0,0,0,no_volume,0,304,12,316,low_activity,0,0,0,361,12,373
1769050588,36,63,0,0,0,0,no_volume,0,0,0,0,no_volume,0,304,12,316,low_activity,0,0,0,361,12,373
1769050589,36,63,0,25,0,25,low_activity,0,25,0,25,low_activity,0,201,12,213,low_activity,25,0,25,386,12,398
1769050590,36,63,0,25,0,25,low_activity,0,25,0,25,low_activity,0,201,12,213,low_activity,0,0,0,386,12,398
1769050591,36,63,0,25,0,25,low_activity,0,25,0,25,low_activity,0,201,12,213,low_activity,0,0,0,386,12,398
1769050592,36,63,0,25,0,25,low_activity,0,50,0,50,low_activity,0,226,12,238,low_total_volume,25,0,25,411,12,423
1769050593,36,63,0,25,0,25,low_activity,0,50,0,50,low_activity,0,226,12,238,low_total_volume,0,0,0,411,12,423
1769050594,36,63,0,25,0,25,low_activity,0,25,0,25,low_activity,0,175,12,187,low_activity,0,0,0,411,12,423
1769050595,36,63,0,0,0,0,no_volume,0,25,0,25,low_activity,0,175,12,187,low_activity,0,0,0,411,12,423
1769050596,36,63,0,51,0,51,low_activity,0,76,0,76,low_activity,0,226,12,238,low_total_volume,51,0,51,462,12,474
1769050597,36,63,0,51,0,51,low_activity,0,51,0,51,low_activity,0,226,12,238,low_total_volume,0,0,0,462,12,474
1769050598,36,63,0,51,0,51,low_activity,0,51,0,51,low_activity,0,226,12,238,low_total_volume,0,0,0,462,12,474
1769050599,36,63,0,0,0,0,no_volume,0,51,0,51,low_activity,0,226,0,226,low_activity,0,0,0,462,12,474
1769050600,36,63,0,0,0,0,no_volume,0,51,0,51,low_activity,0,226,0,226,low_activity,0,0,0,462,12,474
1769050601,36,63,0,0,0,0,no_volume,0,0,0,0,no_volume,0,101,0,101,low_activity,0,0,0,462,12,474
1769050602,36,63,0,0,0,0,no_volume,0,0,0,0,no_volume,0,101,0,101,low_activity,0,0,0,462,12,474
1769050603,36,63,0,0,0,0,no_volume,0,0,0,0,no_volume,0,101,0,101,low_activity,0,0,0,462,12,474
1769050604,36,63,0,0,0,0,no_volume,0,0,0,0,no_volume,0,101,0,101,low_activity,0,0,0,462,12,474
1769050605,36,63,0,0,0,0,no_volume,0,0,0,0,no_volume,0,101,0,101,low_activity,0,0,0,462,12,474
1769050606,36,63,0,776,0,776,low_activity,0,776,0,776,low_activity,0,877,0,877,low_activity,776,0,776,1238,12,1250
1769050607,36,63,0,776,0,776,low_activity,0,776,0,776,low_activity,0,877,0,877,low_activity,0,0,0,1187,12,1199
1769050608,36,63,0,776,0,776,low_activity,0,776,0,776,low_activity,0,877,0,877,low_activity,0,0,0,1187,12,1199
1769050609,36,63,0,0,0,0,no_volume,0,776,0,776,low_activity,0,877,0,877,low_activity,0,0,0,1187,12,1199
1769050610,36,63,0,0,0,0,no_volume,0,776,0,776,low_activity,0,877,0,877,low_activity,0,0,0,1187,12,1199
1769050611,36,63,0,0,0,0,no_volume,0,0,0,0,no_volume,0,877,0,877,low_activity,0,0,0,1187,12,1199
1769050612,36,63,0,0,0,0,no_volume,0,0,0,0,no_volume,0,877,0,877,low_activity,0,0,0,1187,12,1199
1769050613,36,63,0,0,0,0,no_volume,0,0,0,0,no_volume,0,877,0,877,low_activity,0,0,0,1187,12,1199
1769050614,36,63,0,0,0,0,no_volume,0,0,0,0,no_volume,0,877,0,877,low_activity,0,0,0,1187,12,1199
1769050615,36,63,0,0,0,0,no_volume,0,0,0,0,no_volume,0,877,0,877,low_activity,0,0,0,1187,12,1199
1769050616,36,63,0,0,0,0,low_activity,0,0,0,0,low_activity,0,877,0,877,low_activity,2,0,2,1189,12,1201
1769050617,36,63,0,0,0,0,low_activity,0,0,0,0,low_activity,0,877,0,877,low_activity,0,0,0,1189,12,1201
1769050618,36,63,0,0,0,0,low_activity,0,0,0,0,low_activity,0,877,0,877,low_activity,0,0,0,1189,12,1201
1769050619,36,63,0,0,0,0,no_volume,0,0,0,0,low_activity,0,852,0,852,low_activity,0,0,0,1061,12,1073
1769050620,36,63,0,0,0,0,no_volume,0,0,0,0,low_activity,0,852,0,852,low_activity,0,0,0,1061,12,1073
1769050621,36,63,0,0,0,0,no_volume,0,0,0,0,no_volume,0,852,0,852,low_activity,0,0,0,1061,12,1073
1769050622,36,63,0,0,0,0,no_volume,0,0,0,0,no_volume,0,827,0,827,low_activity,0,0,0,1061,12,1073
1769050623,36,63,0,25,0,25,low_activity,0,25,0,25,low_activity,0,852,0,852,low_activity,25,0,25,1086,12,1098
1769050624,36,63,0,25,0,25,low_activity,0,25,0,25,low_activity,0,852,0,852,low_activity,0,0,0,1035,12,1047
1769050625,36,63,0,25,0,25,low_activity,0,25,0,25,low_activity,0,852,0,852,low_activity,0,2,2,1035,14,1049
1769050626,36,63,0,0,0,0,low_activity,0,25,0,25,low_activity,0,801,0,801,low_activity,0,0,0,1035,14,1049
1769050627,36,63,0,0,0,0,low_activity,0,25,0,25,low_activity,0,801,0,801,low_activity,0,0,0,1035,14,1049
1769050628,36,63,0,0,0,0,no_volume,0,0,0,0,low_activity,0,801,0,801,low_activity,0,0,0,1035,14,1049
1769050629,36,63,0,0,0,0,no_volume,0,0,0,0,low_activity,0,801,0,801,low_activity,0,0,0,1035,2,1037
1769050630,36,63,0,0,0,0,no_volume,0,0,0,0,no_volume,0,801,0,801,low_activity,0,0,0,1035,2,1037
1769050631,36,63,0,0,0,0,no_volume,0,0,0,0,no_volume,0,801,0,801,low_activity,0,0,0,910,2,912
1769050632,36,63,0,0,0,0,no_volume,0,0,0,0,no_volume,0,801,0,801,low_activity,0,0,0,910,2,912
1769050633,36,63,0,0,0,0,no_volume,0,0,0,0,no_volume,0,801,0,801,low_activity,0,0,0,910,2,912
1769050634,36,63,0,512,0,512,low_activity,0,512,0,512,low_activity,0,1313,0,1313,low_activity,512,0,512,1422,2,1424
1769050635,36,63,0,512,0,512,low_activity,0,512,0,512,low_activity,0,1313,0,1313,low_activity,0,0,0,1422,2,1424
1769050636,36,63,0,512,0,512,low_activity,0,512,0,512,low_activity,0,537,0,537,low_activity,0,0,0,1422,2,1424
1769050637,36,63,0,0,0,0,no_volume,0,512,0,512,low_activity,0,537,0,537,low_activity,0,0,0,1422,2,1424
1769050638,36,63,0,0,0,0,no_volume,0,512,0,512,low_activity,0,537,0,537,low_activity,0,0,0,1422,2,1424
1769050639,36,63,0,0,0,0,no_volume,0,0,0,0,no_volume,0,537,0,537,low_activity,0,0,0,1422,2,1424
1769050640,36,63,0,0,0,0,no_volume,0,0,0,0,no_volume,0,537,0,537,low_activity,0,0,0,1416,2,1418
1769050641,36,63,0,0,0,0,no_volume,0,0,0,0,no_volume,0,537,0,537,low_activity,0,0,0,1416,2,1418
1769050642,36,63,0,0,0,0,no_volume,0,0,0,0,no_volume,0,537,0,537,low_activity,0,0,0,1416,2,1418
1769050643,36,63,0,12,0,12,low_activity,0,12,0,12,low_activity,0,549,0,549,low_activity,12,0,12,1429,2,1431
1769050644,36,63,0,5012,0,5012,low_activity,0,5012,0,5012,low_activity,1.0,5549,0,5549,ok_volume,5000,0,5000,6429,2,6431
1769050645,36,63,0,5012,0,5012,low_activity,0,5012,0,5012,low_activity,1.0,5549,0,5549,ok_volume,0,0,0,6429,2,6431
1769050646,36,63,0,5000,0,5000,low_activity,0,5012,0,5012,low_activity,1.0,5549,0,5549,ok_volume,0,0,0,6429,2,6431
1769050647,36,63,0,0,0,0,no_volume,0,5012,0,5012,low_activity,1.0,5549,0,5549,ok_volume,0,0,0,6429,2,6431
1769050648,36,63,0,100,0,100,low_activity,0,5100,0,5100,low_activity,1.0,5649,0,5649,ok_volume,100,0,100,6529,2,6531
1769050649,36,63,0,100,0,100,low_activity,0,100,0,100,low_activity,1.0,5649,0,5649,ok_volume,0,0,0,6504,2,6506
1769050650,36,63,0,100,0,100,low_activity,0,100,0,100,low_activity,1.0,5649,0,5649,ok_volume,0,0,0,6504,2,6506
1769050651,36,63,0,0,0,0,no_volume,0,100,0,100,low_activity,1.0,5649,0,5649,ok_volume,0,0,0,6504,2,6506
1769050652,36,63,0,0,0,0,no_volume,0,100,0,100,low_activity,1.0,5649,0,5649,ok_volume,0,0,0,6479,2,6481
1769050653,36,63,0,0,0,0,no_volume,0,0,0,0,no_volume,1.0,5624,0,5624,ok_volume,0,0,0,6479,2,6481
1769050654,36,63,0,64,0,64,low_activity,0,64,0,64,low_activity,1.0,5688,0,5688,ok_volume,64,0,64,6543,2,6545
1769050655,36,63,0,64,0,64,low_activity,0,64,0,64,low_activity,1.0,5688,0,5688,ok_volume,0,0,0,6543,2,6545
1769050656,36,63,0,64,0,64,low_activity,0,64,0,64,low_activity,1.0,5688,0,5688,ok_volume,0,0,0,6492,2,6494
1769050657,36,63,0,0,0,0,no_volume,0,64,0,64,low_activity,1.0,5688,0,5688,ok_volume,0,0,0,6492,2,6494
1769050658,36,63,0,0,0,0,no_volume,0,64,0,64,low_activity,1.0,5688,0,5688,ok_volume,0,0,0,6492,2,6494
1769050659,36,63,0,0,0,0,no_volume,0,0,0,0,no_volume,1.0,5688,0,5688,ok_volume,0,0,0,6492,2,6494
1769050660,36,63,0,0,0,0,no_volume,0,0,0,0,no_volume,1.0,5688,0,5688,ok_volume,0,0,0,6492,2,6494
1769050661,36,63,0,0,0,0,no_volume,0,0,0,0,no_volume,1.0,5688,0,5688,ok_volume,0,0,0,6492,2,6494
1769050662,36,63,0,0,0,0,no_volume,0,0,0,0,no_volume,1.0,5688,0,5688,ok_volume,0,0,0,6492,2,6494
1769050663,36,63,0,76,0,76,low_activity,0,76,0,76,low_activity,1.0,5764,0,5764,ok_volume,76,0,76,6568,2,6570
1769050664,36,63,0,76,0,76,low_activity,0,76,0,76,low_activity,1.0,5252,0,5252,ok_volume,0,0,0,6568,2,6570
1769050665,36,63,0,76,0,76,low_activity,0,76,0,76,low_activity,1.0,5252,0,5252,ok_volume,0,0,0,6568,2,6570
1769050666,36,63,0,256,0,256,low_activity,0,332,0,332,low_activity,1.0,5508,0,5508,ok_volume,256,0,256,6048,2,6050
1769050667,36,63,0,631,0,631,low_activity,0,707,0,707,low_activity,1.0,5883,0,5883,ok_volume,350,0,350,6423,2,6425
1769050668,36,63,0,631,0,631,low_activity,0,631,0,631,low_activity,1.0,5883,0,5883,ok_volume,0,0,0,6423,2,6425
1769050669,36,63,0,350,0,350,low_activity,0,631,0,631,low_activity,1.0,5883,0,5883,ok_volume,0,0,0,6423,2,6425
1769050670,36,63,0,0,0,0,no_volume,0,631,0,631,low_activity,1.0,5883,0,5883,ok_volume,0,0,0,6423,2,6425
1769050671,36,63,0,0,0,0,low_activity,0,350,0,350,low_activity,1.0,5883,0,5883,ok_volume,1,0,1,6424,2,6426
1769050672,36,63,0,10,0,10,low_activity,0,10,0,10,low_activity,1.0,5893,0,5893,ok_volume,10,0,10,6434,2,6436
1769050673,36,63,0,35,0,35,low_activity,0,35,0,35,low_activity,1.0,5906,0,5906,ok_volume,25,0,25,6459,2,6461
1769050674,36,63,0,35,0,35,low_activity,0,35,0,35,low_activity,1.0,906,0,906,ok_volume,0,0,0,6459,2,6461
1769050675,36,63,0,25,0,25,low_activity,0,35,0,35,low_activity,1.0,906,0,906,ok_volume,0,0,0,6459,2,6461
1769050676,36,63,0,0,0,0,no_volume,0,35,0,35,low_activity,1.0,906,0,906,ok_volume,0,0,0,6457,2,6459
1769050677,36,63,0,0,0,0,no_volume,0,25,0,25,low_activity,1.0,906,0,906,ok_volume,0,0,0,6457,2,6459
1769050678,36,63,0,0,0,0,no_volume,0,0,0,0,no_volume,1.0,806,0,806,ok_volume,0,0,0,6457,2,6459
1769050679,36,63,0,0,0,0,no_volume,0,0,0,0,no_volume,1.0,806,0,806,ok_volume,0,0,0,6457,2,6459
1769050680,36,63,0,0,0,0,no_volume,0,0,0,0,no_volume,1.0,806,0,806,ok_volume,0,0,0,6457,2,6459
1769050681,36,63,0,0,0,0,no_volume,0,0,0,0,no_volume,1.0,806,0,806,ok_volume,0,0,0,6457,2,6459
1769050682,36,63,0,0,0,0,low_activity,0,0,0,0,low_activity,1.0,806,0,806,ok_volume,2,0,2,6459,2,6461
1769050683,36,63,0,641,0,641,low_activity,0,641,0,641,low_activity,1.0,1447,0,1447,ok_volume,0,0,0,7075,2,7077
1769050684,36,63,0,641,0,641,low_activity,0,641,0,641,low_activity,1.0,1383,0,1383,ok_volume,0,0,0,7075,2,7077
1769050685,36,63,0,0,0,0,no_volume,0,641,0,641,low_activity,1.0,1383,0,1383,ok_volume,0,0,0,7075,0,7075
1769050686,36,63,0,25,0,25,low_activity,0,666,0,666,low_activity,1.0,1408,0,1408,ok_volume,25,0,25,7100,0,7100
1769050687,36,63,0,25,0,25,low_activity,0,25,0,25,low_activity,1.0,1408,0,1408,ok_volume,0,0,0,7100,0,7100
1769050688,36,63,0,49,0,49,low_activity,0,49,0,49,low_activity,1.0,1432,0,1432,ok_volume,24,0,24,7124,0,7124
1769050689,36,63,0,111,0,111,low_activity,0,136,0,136,low_activity,1.0,1519,0,1519,ok_volume,87,0,87,7211,0,7211
1769050690,36,63,0,640,0,640,low_activity,0,665,0,665,low_activity,1.0,2048,0,2048,ok_volume,529,0,529,7740,0,7740
1769050691,36,63,0,667,0,667,low_activity,0,691,0,691,low_activity,1.0,2099,0,2099,ok_volume,51,0,51,7791,0,7791
1769050692,36,63,0,580,0,580,low_activity,0,691,0,691,low_activity,1.0,2099,0,2099,ok_volume,0,0,0,7791,0,7791
1769050693,36,63,0,51,0,51,low_activity,0,667,0,667,low_activity,1.0,2023,0,2023,ok_volume,0,0,0,7791,0,7791
1769050694,36,63,0,0,0,0,no_volume,0,580,0,580,low_activity,1.0,2023,0,2023,ok_volume,0,0,0,7279,0,7279
1769050695,36,63,0,0,0,0,no_volume,0,51,0,51,low_activity,1.0,2023,0,2023,ok_volume,0,0,0,7279,0,7279
1769050696,36,63,0,38,0,38,low_activity,0,38,0,38,low_activity,1.0,1780,0,1780,ok_volume,47,0,47,7326,0,7326
1769050697,36,63,0,38,0,38,low_activity,0,38,0,38,low_activity,1.0,1430,0,1430,ok_volume,0,0,0,7326,0,7326
1769050698,36,63,0,38,0,38,low_activity,0,38,0,38,low_activity,1.0,1430,0,1430,ok_volume,0,0,0,7326,0,7326
1769050699,36,63,0,0,0,0,no_volume,0,38,0,38,low_activity,1.0,1430,0,1430,ok_volume,0,0,0,7326,0,7326
1769050700,36,63,0,0,0,0,no_volume,0,38,0,38,low_activity,1.0,1430,0,1430,ok_volume,0,0,0,7326,0,7326
1769050701,36,63,0,0,0,0,no_volume,0,0,0,0,no_volume,1.0,1430,0,1430,ok_volume,0,0,0,7326,0,7326
1769050702,36,63,0,0,0,0,no_volume,0,0,0,0,no_volume,1.0,1420,0,1420,ok_volume,0,0,0,7325,0,7325
1769050703,36,63,0,0,0,0,no_volume,0,0,0,0,no_volume,1.0,1395,0,1395,ok_volume,0,0,0,7313,0,7313
1769050704,36,63,0,0,0,0,no_volume,0,0,0,0,no_volume,1.0,1395,0,1395,ok_volume,0,0,0,2313,0,2313
1769050705,36,63,0,0,0,0,no_volume,0,0,0,0,no_volume,1.0,1395,0,1395,ok_volume,0,0,0,2313,0,2313
1769050706,36,63,0,0,0,0,no_volume,0,0,0,0,no_volume,1.0,1395,0,1395,ok_volume,0,0,0,2313,0,2313
1769050707,36,63,0,0,0,0,no_volume,0,0,0,0,no_volume,1.0,1395,0,1395,ok_volume,0,0,0,2313,0,2313
1769050708,36,63,0,0,0,0,no_volume,0,0,0,0,no_volume,1.0,1395,0,1395,ok_volume,0,0,0,2213,0,2213
1769050709,36,63,0,0,0,0,no_volume,0,0,0,0,no_volume,1.0,1395,0,1395,ok_volume,0,0,0,2213,0,2213
1769050710,36,63,0,25,0,25,low_activity,0,25,0,25,low_activity,1.0,1420,0,1420,ok_volume,25,0,25,2238,0,2238
1769050711,36,63,0,25,0,25,low_activity,0,25,0,25,low_activity,1.0,1420,0,1420,ok_volume,0,0,0,2238,0,2238
1769050712,36,63,0,25,0,25,low_activity,0,25,0,25,low_activity,1.0,779,0,779,ok_volume,0,0,0,2238,0,2238
1769050713,36,63,0,0,0,0,no_volume,0,25,0,25,low_activity,1.0,779,0,779,ok_volume,0,0,0,2238,0,2238
1769050714,36,63,0,0,0,0,no_volume,0,25,0,25,low_activity,1.0,779,0,779,ok_volume,0,0,0,2174,0,2174
1769050715,36,63,0,0,0,0,no_volume,0,0,0,0,no_volume,1.0,779,0,779,ok_volume,0,0,0,2174,0,2174
1769050716,36,63,0,0,0,0,no_volume,0,0,0,0,no_volume,1.0,754,0,754,ok_volume,0,0,0,2174,0,2174
1769050717,36,63,0,0,0,0,no_volume,0,0,0,0,no_volume,1.0,754,0,754,ok_volume,0,0,0,2174,0,2174
1769050718,36,63,0,0,0,0,no_volume,0,0,0,0,no_volume,1.0,730,0,730,ok_volume,0,0,0,2174,0,2174
1769050719,36,63,0,62,0,62,low_activity,0,62,0,62,low_activity,1.0,705,0,705,ok_volume,62,0,62,2236,0,2236
1769050720,36,63,0,62,0,62,low_activity,0,62,0,62,low_activity,0,176,0,176,low_activity,0,0,0,2236,0,2236
1769050721,36,63,0,62,0,62,low_activity,0,62,0,62,low_activity,0,125,0,125,low_activity,0,0,0,2236,0,2236
1769050722,36,63,0,0,0,0,no_volume,0,62,0,62,low_activity,0,125,0,125,low_activity,0,0,0,2236,0,2236
1769050723,36,63,0,0,0,0,low_activity,0,62,0,62,low_activity,0,125,0,125,low_activity,2,0,2,2162,0,2162
1769050724,36,63,0,25,0,25,low_activity,0,25,0,25,low_activity,0,150,0,150,low_activity,25,0,25,2187,0,2187
1769050725,36,63,0,25,0,25,low_activity,0,25,0,25,low_activity,0,150,0,150,low_activity,0,0,0,2187,0,2187
1769050726,36,63,0,25,0,25,low_activity,0,25,0,25,low_activity,0,112,0,112,low_activity,0,0,0,1906,0,1906
1769050727,36,63,0,0,0,0,no_volume,0,25,0,25,low_activity,0,112,0,112,low_activity,0,0,0,1556,0,1556
1769050728,36,63,0,512,0,512,low_activity,0,537,0,537,low_activity,0,624,0,624,low_activity,512,0,512,2068,0,2068
1769050729,36,63,0,512,0,512,low_activity,0,512,0,512,low_activity,0,624,0,624,low_activity,0,0,0,2068,0,2068
1769050730,36,63,0,512,0,512,low_activity,0,512,0,512,low_activity,0,624,0,624,low_activity,0,0,0,2068,0,2068
1769050731,36,63,0,0,0,0,no_volume,0,512,0,512,low_activity,0,624,0,624,low_activity,0,0,0,2067,0,2067
1769050732,36,63,0,0,0,0,no_volume,0,512,0,512,low_activity,0,624,0,624,low_activity,0,0,0,2057,0,2057
1769050733,36,63,0,66,0,66,low_activity,0,66,0,66,low_activity,1.0,690,0,690,ok_volume,66,0,66,2098,0,2098
1769050734,36,63,0,66,0,66,low_activity,0,66,0,66,low_activity,1.0,690,0,690,ok_volume,0,0,0,2098,0,2098
1769050735,36,63,0,66,0,66,low_activity,0,66,0,66,low_activity,1.0,690,0,690,ok_volume,0,0,0,2098,0,2098
1769050736,36,63,0,0,0,0,no_volume,0,66,0,66,low_activity,1.0,690,0,690,ok_volume,0,0,0,2098,0,2098
1769050737,36,63,0,0,0,0,no_volume,0,66,0,66,low_activity,1.0,690,0,690,ok_volume,0,0,0,2098,0,2098
1769050738,36,63,0,0,0,0,no_volume,0,0,0,0,no_volume,1.0,690,0,690,ok_volume,0,0,0,2098,0,2098
1769050739,36,63,0,0,0,0,no_volume,0,0,0,0,no_volume,1.0,690,0,690,ok_volume,0,0,0,2098,0,2098
1769050740,36,63,0,10,0,10,low_activity,0,10,0,10,low_activity,1.0,675,0,675,ok_volume,10,0,10,2108,0,2108
1769050741,36,63,0,10,0,10,low_activity,0,10,0,10,low_activity,1.0,675,0,675,ok_volume,0,0,0,2108,0,2108
1769050742,36,63,0,10,0,10,low_activity,0,10,0,10,low_activity,1.0,675,0,675,ok_volume,0,0,0,1465,0,1465
1769050743,36,63,0,0,0,0,no_volume,0,10,0,10,low_activity,1.0,675,0,675,ok_volume,0,0,0,1465,0,1465
1769050744,36,63,0,194,0,194,low_activity,0,204,0,204,low_activity,1.0,869,0,869,ok_volume,194,0,194,1659,0,1659
1769050745,36,63,0,194,0,194,low_activity,0,194,0,194,low_activity,1.0,869,0,869,ok_volume,0,0,0,1659,0,1659
1769050746,36,63,0,194,0,194,low_activity,0,194,0,194,low_activity,1.0,869,0,869,ok_volume,0,0,0,1634,0,1634
1769050747,36,63,0,0,0,0,no_volume,0,194,0,194,low_activity,1.0,869,0,869,ok_volume,0,0,0,1634,0,1634
1769050748,36,63,0,0,0,0,no_volume,0,194,0,194,low_activity,1.0,869,0,869,ok_volume,0,0,0,1610,0,1610
1769050749,36,63,0,0,0,0,no_volume,0,0,0,0,no_volume,1.0,807,0,807,ok_volume,0,0,0,1523,0,1523
1769050750,36,63,0,0,0,0,no_volume,0,0,0,0,no_volume,1.0,807,0,807,ok_volume,0,0,0,994,0,994
1769050751,36,63,0,0,0,0,no_volume,0,0,0,0,no_volume,1.0,807,0,807,ok_volume,0,0,0,943,0,943
1769050752,36,63,0,0,0,0,no_volume,0,0,0,0,no_volume,1.0,807,0,807,ok_volume,0,0,0,943,0,943
1769050753,36,63,0,0,0,0,no_volume,0,0,0,0,no_volume,1.0,807,0,807,ok_volume,0,0,0,943,0,943
1769050754,36,63,0,0,0,0,no_volume,0,0,0,0,no_volume,0,782,0,782,low_activity,0,0,0,943,0,943
1769050755,36,63,0,0,0,0,no_volume,0,0,0,0,no_volume,0,782,0,782,low_activity,0,0,0,943,0,943
1769050756,36,63,0,0,0,0,no_volume,0,0,0,0,no_volume,0,782,0,782,low_activity,0,0,0,896,0,896
1769050757,36,63,0,0,0,0,no_volume,0,0,0,0,no_volume,0,782,0,782,low_activity,0,0,0,896,0,896
1769050758,36,63,0,0,0,0,no_volume,0,0,0,0,no_volume,0,270,0,270,low_activity,0,0,0,896,0,896
1769050759,36,63,0,0,0,0,no_volume,0,0,0,0,no_volume,0,270,0,270,low_activity,0,0,0,896,0,896
1769050760,36,63,0,0,0,0,no_volume,0,0,0,0,no_volume,0,270,0,270,low_activity,0,0,0,896,0,896
1769050761,36,63,0,0,0,0,no_volume,0,0,0,0,no_volume,0,270,0,270,low_activity,0,0,0,896,0,896
1769050762,36,63,0,64,0,64,low_activity,0,64,0,64,low_activity,0,334,0,334,low_activity,64,0,64,960,0,960
1769050763,36,63,0,64,0,64,low_activity,0,64,0,64,low_activity,0,268,0,268,low_activity,0,0,0,960,0,960
1769050764,36,63,0,64,0,64,low_activity,0,64,0,64,low_activity,0,268,0,268,low_activity,0,0,0,960,0,960
1769050765,36,63,0,0,0,0,no_volume,0,64,0,64,low_activity,0,268,0,268,low_activity,0,0,0,960,0,960
1769050766,36,63,0,0,0,0,no_volume,0,64,0,64,low_activity,0,268,0,268,low_activity,0,0,0,960,0,960
1769050767,36,63,0,0,0,0,no_volume,0,0,0,0,no_volume,0,268,0,268,low_activity,0,0,0,960,0,960
1769050768,36,63,0,0,0,0,no_volume,0,0,0,0,no_volume,0,268,0,268,low_activity,0,0,0,960,0,960
1769050769,36,63,0,0,0,0,no_volume,0,0,0,0,no_volume,0,268,0,268,low_activity,0,0,0,960,0,960
1769050770,36,63,0,0,0,0,no_volume,0,0,0,0,no_volume,0,258,0,258,low_activity,0,0,0,935,0,935
1769050771,36,63,0,256,0,256,low_activity,0,256,0,256,low_activity,0,514,0,514,low_activity,256,0,256,1191,0,1191
1769050772,36,63,0,256,0,256,low_activity,0,256,0,256,low_activity,0,514,0,514,low_activity,0,0,0,1191,0,1191
1769050773,36,63,0,256,0,256,low_activity,0,256,0,256,low_activity,0,514,0,514,low_activity,0,0,0,1191,0,1191
1769050774,36,63,0,50,0,50,low_activity,0,306,0,306,low_activity,0,370,0,370,low_activity,50,0,50,1241,0,1241
1769050775,36,63,0,50,0,50,low_activity,0,306,0,306,low_activity,0,370,0,370,low_activity,5,0,5,1246,0,1246
1769050776,36,63,0,50,0,50,low_activity,0,50,0,50,low_activity,0,370,0,370,low_activity,0,0,0,1246,0,1246
1769050777,36,63,0,0,0,0,low_activity,0,50,0,50,low_activity,0,370,0,370,low_activity,0,0,0,1246,0,1246
1769050778,36,63,0,0,0,0,no_volume,0,50,0,50,low_activity,0,370,0,370,low_activity,0,0,0,1246,0,1246
1769050779,36,63,0,0,0,0,no_volume,0,0,0,0,low_activity,0,370,0,370,low_activity,0,0,0,1184,0,1184
1769050780,36,63,0,0,0,0,no_volume,0,0,0,0,no_volume,0,370,0,370,low_activity,0,0,0,1184,0,1184
1769050781,36,63,0,275,0,275,low_activity,0,275,0,275,low_activity,1.0,645,0,645,ok_volume,275,0,275,1459,0,1459
1769050782,36,63,0,275,0,275,low_activity,0,275,0,275,low_activity,1.0,645,0,645,ok_volume,0,0,0,1459,0,1459
1769050783,36,63,0,575,0,575,low_activity,0,575,0,575,low_activity,1.0,945,0,945,ok_volume,300,0,300,1757,0,1757
1769050784,36,63,0,300,0,300,low_activity,0,575,0,575,low_activity,1.0,945,0,945,ok_volume,0,0,0,1732,0,1732
1769050785,36,63,0,300,0,300,low_activity,0,575,0,575,low_activity,1.0,945,0,945,ok_volume,0,0,0,1732,0,1732
1769050786,36,63,0,0,0,0,no_volume,0,300,0,300,low_activity,1.0,945,0,945,ok_volume,0,0,0,1732,0,1732
1769050787,36,63,0,0,0,0,no_volume,0,300,0,300,low_activity,1.0,945,0,945,ok_volume,0,0,0,1732,0,1732
1769050788,36,63,0,35,0,35,low_activity,0,35,0,35,low_activity,1.0,980,0,980,ok_volume,35,0,35,1255,0,1255
1769050789,36,63,0,60,0,60,low_activity,0,60,0,60,low_activity,1.0,1005,0,1005,ok_volume,25,0,25,1280,0,1280
1769050790,36,63,0,60,0,60,low_activity,0,60,0,60,low_activity,1.0,1005,0,1005,ok_volume,0,0,0,1280,0,1280
1769050791,36,63,0,25,0,25,low_activity,0,60,0,60,low_activity,1.0,1005,0,1005,ok_volume,0,0,0,1280,0,1280
1769050792,36,63,0,0,0,0,no_volume,0,60,0,60,low_activity,1.0,941,0,941,ok_volume,0,0,0,1280,0,1280
1769050793,36,63,0,0,0,0,no_volume,0,25,0,25,low_activity,1.0,941,0,941,ok_volume,0,0,0,1214,0,1214
1769050794,36,63,0,0,0,0,no_volume,0,0,0,0,no_volume,1.0,941,0,941,ok_volume,0,0,0,1214,0,1214
1769050795,36,63,0,0,0,0,no_volume,0,0,0,0,no_volume,1.0,941,0,941,ok_volume,0,0,0,1214,0,1214
1769050796,36,63,0,0,0,0,no_volume,0,0,0,0,no_volume,1.0,941,0,941,ok_volume,0,0,0,1214,0,1214
1769050797,36,63,0,0,0,0,no_volume,0,0,0,0,no_volume,1.0,941,0,941,ok_volume,0,0,0,1214,0,1214
1769050798,36,63,0,0,0,0,no_volume,0,0,0,0,no_volume,1.0,941,0,941,ok_volume,0,0,0,1214,0,1214
1769050799,36,63,0,515,0,515,low_activity,0,515,0,515,low_activity,1.0,1456,0,1456,ok_volume,515,0,515,1729,0,1729
1769050800,36,63,0,515,0,515,low_activity,0,515,0,515,low_activity,1.0,1456,0,1456,ok_volume,0,0,0,1719,0,1719
